instance,number_of_retailers,number_of_vehicles,time_horizon,routing_cost,delivered_quantity,logistic_ratio,optimality_gap
"abs1n5_1",5,1,3,1323.0000000000005,509.00000000000006,2.5992141453831046,0
"abs2n5_1",5,1,3,1089,371.00000000000011,2.9353099730458214,0
"abs3n5_1",5,1,3,1797,758,2.370712401055409,0
"abs4n5_1",5,1,3,1385,449,3.084632516703786,0
"abs5n5_1",5,1,3,1163,683,1.7027818448023426,0
"abs1n10_1",10,1,3,2013,1672,1.2039473684210527,0
"abs2n10_1",10,1,3,2518.0000000000005,1501,1.6775483011325787,0
"abs3n10_1",10,1,3,1856.0000000000002,1117.0000000000002,1.6615935541629363,0
"abs4n10_1",10,1,3,1530,1119,1.3672922252010724,0
"abs5n10_1",10,1,3,1857,1565.0000000000002,1.1865814696485621,0
