,#TimePeriods,#Customer,#Vehicle,Cost,Quantity,LogisticRatio,T_InitialSchedule,CostAfterHGS,Quantity,LogisticRatio,T_InitialSolution,NumberOfRebalance,NumberOfFeasibleRebalance,NumberOfRebalanceImproved,RebalanceAveragePercentageImprovement,RebalanceMaxPercentageImprovement,RebalanceMinPercentageImprovement,BestCost,BestQuantity,BestLogisticRatio,Time,Cost,Quantity,LogisticRatio,T_InitialSchedule,CostAfterHGS,Quantity,LogisticRatio,T_InitialSolution,NumberOfRebalance,NumberOfFeasibleRebalance,NumberOfRebalanceImproved,RebalanceAveragePercentageImprovement,RebalanceMaxPercentageImprovement,RebalanceMinPercentageImprovement,BestCost,BestQuantity,BestLogisticRatio,Time,Cost,Quantity,LogisticRatio,T_InitialSchedule,CostAfterHGS,Quantity,LogisticRatio,T_InitialSolution,NumberOfRebalance,NumberOfFeasibleRebalance,NumberOfRebalanceImproved,RebalanceAveragePercentageImprovement,RebalanceMaxPercentageImprovement,RebalanceMinPercentageImprovement,BestCost,BestQuantity,BestLogisticRatio,Time,Cost,Quantity,LogisticRatio,T_InitialSchedule,CostAfterHGS,Quantity,LogisticRatio,T_InitialSolution,NumberOfRebalance,NumberOfFeasibleRebalance,NumberOfRebalanceImproved,RebalanceAveragePercentageImprovement,RebalanceMaxPercentageImprovement,RebalanceMinPercentageImprovement,BestCost,BestQuantity,BestLogisticRatio,Time,Cost,Quantity,LogisticRatio,T_InitialSchedule,CostAfterHGS,Quantity,LogisticRatio,T_InitialSolution,NumberOfRebalance,NumberOfFeasibleRebalance,NumberOfRebalanceImproved,RebalanceAveragePercentageImprovement,RebalanceMaxPercentageImprovement,RebalanceMinPercentageImprovement,BestCost,BestQuantity,BestLogisticRatio,Time,FirstImpCost,FirstImpQuantity,FirstImpLogisticRatio,TimeAtFirstImprovement,BestCostAt30s,BestQuantityAt30s,BestLogisticRatioAt30s,TimeAt30s,BestCostAt60s,BestQuantityAt60s,BestLogisticRatioAt60s,TimeAt60s,GlobalBestCost,GlobalBestQuantity,GlobalBestLogisticRatio,T_iteration,T_To_best,T_Total
/home/andy/Desktop/Curtin/IRPLR/IRPLR/Data/mvirp/Big_Instances/Istanze0105/abs1n50_2.dat,6,51,2,29305,13537,2.16481,0,29305,13537,2.16481,0,16,16,5,0.0615956,0.403913,0.0217897,10679,14021,0.761643,25,29451,13034,2.25955,0,29451,13034,2.25955,0,1,1,0,0,0,0,10733,14135,0.759321,18,29778,13050,2.28184,0,29778,13050,2.28184,0,0,0,0,-nan,0,0,10738,14135,0.759675,18,30669,13703,2.23812,0,30669,13703,2.23812,0,0,0,0,-nan,0,0,10738,14135,0.759675,4,30650,13337,2.29812,0,30650,13337,2.29812,0,0,0,0,-nan,0,0,30650,13337,2.29812,0,28699,13537,2.12004,0,10733,14135,0.759321,30,10733,14135,0.759321,60,10733,14135,0.759321,156694,28,65,
/home/andy/Desktop/Curtin/IRPLR/IRPLR/Data/mvirp/Big_Instances/Istanze0105/abs2n50_2.dat,6,51,2,31785,13478,2.35829,0,31785,13478,2.35829,0,9,9,6,0.058267,0.258107,0.0171748,11645,14553,0.800179,24,33177,13606,2.43841,0,33177,13606,2.43841,0,3,3,1,0.00561214,0.0168364,0.0168364,11841,15042,0.787196,19,34820,13158,2.6463,0,34820,13158,2.6463,0,0,0,0,-nan,0,0,11841,15042,0.787196,17,33040,13105,2.52118,0,33040,13105,2.52118,0,0,0,0,-nan,0,0,11841,15042,0.787196,5,34655,13115,2.64239,0,34655,13115,2.64239,0,0,0,0,-nan,0,0,34655,13115,2.64239,0,31213,13478,2.31585,0,11841,15042,0.787196,30,11841,15042,0.787196,60,11841,15042,0.787196,158102,28,65,
/home/andy/Desktop/Curtin/IRPLR/IRPLR/Data/mvirp/Big_Instances/Istanze0105/abs3n50_2.dat,6,51,2,29616,13726,2.15766,0,29616,13726,2.15766,0,13,13,5,0.0709478,0.358661,0.00678933,10310,14359,0.718017,34,29322,13564,2.16175,0,29322,13564,2.16175,0,0,0,0,-nan,0,0,10433,14447,0.722157,24,32015,13447,2.38083,0,32015,13447,2.38083,0,0,0,0,-nan,0,0,10433,14447,0.722157,7,28122,13053,2.15445,0,28122,13053,2.15445,0,0,0,0,-nan,0,0,28122,13053,2.15445,0,31055,13120,2.367,0,31055,13120,2.367,0,0,0,0,-nan,0,0,31055,13120,2.367,0,28806,13726,2.09864,0,10310,14359,0.718017,30,10310,14359,0.718017,60,10310,14359,0.718017,159111,11,65,
/home/andy/Desktop/Curtin/IRPLR/IRPLR/Data/mvirp/Big_Instances/Istanze0105/abs4n50_2.dat,6,51,2,31119,13584,2.29086,0,31119,13584,2.29086,0,12,12,6,0.100905,0.528475,0.00137486,10845,14560,0.744849,29,31760,13552,2.34357,0,31760,13552,2.34357,0,1,1,0,0,0,0,10886,14646,0.743275,20,30578,13595,2.24921,0,30578,13595,2.24921,0,0,0,0,-nan,0,0,10886,14646,0.743275,16,32100,13591,2.36186,0,32100,13591,2.36186,0,0,0,0,-nan,0,0,32100,13591,2.36186,0,30983,13552,2.28623,0,30983,13552,2.28623,0,0,0,0,-nan,0,0,30983,13552,2.28623,0,30579,13584,2.2511,0,10845,14560,0.744849,30,10886,14646,0.743275,60,10886,14646,0.743275,160367,32,65,
/home/andy/Desktop/Curtin/IRPLR/IRPLR/Data/mvirp/Big_Instances/Istanze0105/abs5n50_2.dat,6,51,2,28891,13374,2.16024,0,28891,13374,2.16024,0,16,16,3,0.0387113,0.325433,0.0196117,10198,14159,0.720249,39,31036,13612,2.28005,0,31036,13612,2.28005,0,1,1,0,0,0,0,10593,14716,0.719829,26,32331,13010,2.48509,0,32331,13010,2.48509,0,0,0,0,-nan,0,0,32331,13010,2.48509,0,28365,13045,2.1744,0,28365,13045,2.1744,0,0,0,0,-nan,0,0,28365,13045,2.1744,0,30494,13305,2.29192,0,30494,13305,2.29192,0,0,0,0,-nan,0,0,30494,13305,2.29192,0,28352,13374,2.11993,0,10196,14159,0.720107,30,10593,14716,0.719829,60,10593,14716,0.719829,161329,43,65,
/home/andy/Desktop/Curtin/IRPLR/IRPLR/Data/mvirp/Big_Instances/Istanze0105/abs6n50_2.dat,6,51,2,29252,15091,1.93837,0,29252,15091,1.93837,0,13,13,6,0.0530654,0.365076,0.00618506,11387,17106,0.665673,20,28934,14790,1.95632,0,28934,14790,1.95632,0,0,0,0,-nan,0,0,11409,17111,0.666764,19,30593,14899,2.05336,0,30593,14899,2.05336,0,0,0,0,-nan,0,0,11409,17111,0.666764,17,30933,14971,2.06619,0,30933,14971,2.06619,0,0,0,0,-nan,0,0,11409,17111,0.666764,9,29921,15450,1.93663,0,29921,15450,1.93663,0,0,0,0,-nan,0,0,29921,15450,1.93663,0,28689,15091,1.90107,0,11387,17106,0.665673,30,11387,17106,0.665673,60,11387,17106,0.665673,162678,3,65,
/home/andy/Desktop/Curtin/IRPLR/IRPLR/Data/mvirp/Big_Instances/Istanze0105/abs7n50_2.dat,6,51,2,31103,13173,2.36112,0,31103,13173,2.36112,0,13,13,6,0.0839534,0.441207,0.0351587,11269,14335,0.786118,28,29481,12789,2.30518,0,29481,12789,2.30518,0,0,0,0,-nan,0,0,11269,14335,0.786118,22,32501,12701,2.55893,0,32501,12701,2.55893,0,0,0,0,-nan,0,0,11269,14335,0.786118,15,31951,12830,2.49034,0,31951,12830,2.49034,0,0,0,0,-nan,0,0,31951,12830,2.49034,0,31368,13003,2.41237,0,31368,13003,2.41237,0,0,0,0,-nan,0,0,31368,13003,2.41237,0,30324,13173,2.30198,0,11269,14335,0.786118,30,11269,14335,0.786118,60,11269,14335,0.786118,163796,7,65,
/home/andy/Desktop/Curtin/IRPLR/IRPLR/Data/mvirp/Big_Instances/Istanze0105/abs8n50_2.dat,6,51,2,33252,11230,2.961,0,33252,11230,2.961,0,14,14,3,0.0245874,0.12586,0.100309,13043,12952,1.00703,28,32983,11456,2.8791,0,32983,11456,2.8791,0,3,2,0,0,0,0,12811,12965,0.988122,21,33442,11355,2.94513,0,33442,11355,2.94513,0,0,0,0,-nan,0,0,12884,12948,0.995057,14,33878,11378,2.9775,0,33878,11378,2.9775,0,0,0,0,-nan,0,0,12546,12424,1.00982,2,33755,11199,3.01411,0,33755,11199,3.01411,0,0,0,0,-nan,0,0,33755,11199,3.01411,0,32324,11230,2.87836,0,12994,12919,1.00581,30,12811,12965,0.988122,60,12811,12965,0.988122,165163,36,65,
/home/andy/Desktop/Curtin/IRPLR/IRPLR/Data/mvirp/Big_Instances/Istanze0105/abs9n50_2.dat,6,51,2,30980,14020,2.2097,0,30980,14020,2.2097,0,11,11,3,0.0633928,0.382677,0.0752857,10667,15673,0.680597,22,31887,14257,2.23659,0,31887,14257,2.23659,0,0,0,0,-nan,0,0,10667,15673,0.680597,18,29755,13367,2.226,0,29755,13367,2.226,0,0,0,0,-nan,0,0,10667,15673,0.680597,19,31524,13962,2.25784,0,31524,13962,2.25784,0,0,0,0,-nan,0,0,10667,15673,0.680597,6,30143,13558,2.22326,0,30143,13558,2.22326,0,0,0,0,-nan,0,0,30143,13558,2.22326,0,30182,14020,2.15278,0,10667,15673,0.680597,30,10667,15673,0.680597,60,10667,15673,0.680597,166477,5,65,
/home/andy/Desktop/Curtin/IRPLR/IRPLR/Data/mvirp/Big_Instances/Istanze0105/abs10n50_2.dat,6,51,2,30483,13933,2.18783,0,30483,13933,2.18783,0,15,15,8,0.0698709,0.479346,0.00692329,9902,14534,0.681299,27,29707,13990,2.12345,0,29707,13990,2.12345,0,1,1,0,0,0,0,9891,14534,0.680542,23,31024,13465,2.30405,0,31024,13465,2.30405,0,0,0,0,-nan,0,0,9891,14534,0.680542,15,28804,13834,2.08212,0,28804,13834,2.08212,0,0,0,0,-nan,0,0,28804,13834,2.08212,0,31731,13566,2.33901,0,31731,13566,2.33901,0,0,0,0,-nan,0,0,31731,13566,2.33901,0,29870,13933,2.14383,0,9891,14534,0.680542,30,9891,14534,0.680542,60,9891,14534,0.680542,167625,28,65,
/home/andy/Desktop/Curtin/IRPLR/IRPLR/Data/mvirp/Big_Instances/Istanze0105/abs1n100_2.dat,6,101,2,44002,28739,1.53109,0,44002,28739,1.53109,0,14,14,3,0.0179069,0.160058,0.0268944,13029,29136,0.447179,65,47298,27885,1.69618,0,47298,27885,1.69618,0,0,0,0,-nan,0,0,47298,27885,1.69618,0,45502,28472,1.59813,0,45502,28472,1.59813,0,0,0,0,-nan,0,0,45502,28472,1.59813,0,45652,28244,1.61634,0,45652,28244,1.61634,0,0,0,0,-nan,0,0,45652,28244,1.61634,0,45470,28150,1.61528,0,45470,28150,1.61528,0,0,0,0,-nan,0,0,45470,28150,1.61528,0,43231,28739,1.50426,0,13344,29746,0.448598,30,13029,29136,0.447179,60,13029,29136,0.447179,167752,50,65,
/home/andy/Desktop/Curtin/IRPLR/IRPLR/Data/mvirp/Big_Instances/Istanze0105/abs2n100_2.dat,6,101,2,43972,26640,1.6506,0,43972,26640,1.6506,0,18,18,4,0.018562,0.142857,0.00745657,12600,28628,0.440129,65,47979,26361,1.82008,0,47979,26361,1.82008,0,0,0,0,-nan,0,0,47979,26361,1.82008,0,44072,26862,1.64068,0,44072,26862,1.64068,0,0,0,0,-nan,0,0,44072,26862,1.64068,0,44025,26174,1.68201,0,44025,26174,1.68201,0,0,0,0,-nan,0,0,44025,26174,1.68201,0,44219,26831,1.64806,0,44219,26831,1.64806,0,0,0,0,-nan,0,0,44219,26831,1.64806,0,43360,26640,1.62763,0,12633,28635,0.441173,30,12582,28628,0.4395,60,12582,28628,0.4395,167881,32,65,
/home/andy/Desktop/Curtin/IRPLR/IRPLR/Data/mvirp/Big_Instances/Istanze0105/abs3n100_2.dat,6,101,2,50963,28222,1.80579,0,50963,28222,1.80579,0,11,11,8,0.0648711,0.381199,0.00342103,14326,31451,0.455502,65,51123,28209,1.81229,0,51123,28209,1.81229,0,0,0,0,-nan,0,0,51123,28209,1.81229,0,50070,28163,1.77786,0,50070,28163,1.77786,0,0,0,0,-nan,0,0,50070,28163,1.77786,0,51394,27415,1.87467,0,51394,27415,1.87467,0,0,0,0,-nan,0,0,51394,27415,1.87467,0,48988,27526,1.7797,0,48988,27526,1.7797,0,0,0,0,-nan,0,0,48988,27526,1.7797,0,50334,28222,1.7835,0,14326,31451,0.455502,30,14326,31451,0.455502,60,14326,31451,0.455502,168009,29,65,
/home/andy/Desktop/Curtin/IRPLR/IRPLR/Data/mvirp/Big_Instances/Istanze0105/abs4n100_2.dat,6,101,2,49164,27361,1.79686,0,49164,27361,1.79686,0,13,13,5,0.0185024,0.0654225,0.0214416,12927,29036,0.445206,65,50200,26979,1.86071,0,50200,26979,1.86071,0,0,0,0,-nan,0,0,50200,26979,1.86071,0,49031,27214,1.80168,0,49031,27214,1.80168,0,0,0,0,-nan,0,0,49031,27214,1.80168,0,49291,26616,1.85193,0,49291,26616,1.85193,0,0,0,0,-nan,0,0,49291,26616,1.85193,0,51214,26860,1.9067,0,51214,26860,1.9067,0,0,0,0,-nan,0,0,51214,26860,1.9067,0,48479,27361,1.77183,0,13425,29459,0.455718,30,12927,29036,0.445206,60,12927,29036,0.445206,168130,42,65,
/home/andy/Desktop/Curtin/IRPLR/IRPLR/Data/mvirp/Big_Instances/Istanze0105/abs5n100_2.dat,6,101,2,53883,28865,1.86672,0,53883,28865,1.86672,0,17,17,8,0.0588235,0.330183,0.0209952,11896,30380,0.391573,65,54404,29086,1.87045,0,54404,29086,1.87045,0,0,0,0,-nan,0,0,54404,29086,1.87045,0,54922,29426,1.86644,0,54922,29426,1.86644,0,0,0,0,-nan,0,0,54922,29426,1.86644,0,55211,28377,1.94562,0,55211,28377,1.94562,0,0,0,0,-nan,0,0,55211,28377,1.94562,0,53166,29479,1.80352,0,53166,29479,1.80352,0,0,0,0,-nan,0,0,53166,29479,1.80352,0,53009,28865,1.83645,0,12480,31771,0.392811,30,11896,30380,0.391573,60,11896,30380,0.391573,168248,47,65,
/home/andy/Desktop/Curtin/IRPLR/IRPLR/Data/mvirp/Big_Instances/Istanze0105/abs6n100_2.dat,6,101,2,48261,27565,1.75081,0,48261,27565,1.75081,0,17,17,8,0.0274718,0.188488,0.00349052,13315,28648,0.464779,65,49311,27075,1.82127,0,49311,27075,1.82127,0,0,0,0,-nan,0,0,49311,27075,1.82127,0,47781,27529,1.73566,0,47781,27529,1.73566,0,0,0,0,-nan,0,0,47781,27529,1.73566,0,48742,27538,1.76999,0,48742,27538,1.76999,0,0,0,0,-nan,0,0,48742,27538,1.76999,0,46897,27227,1.72244,0,46897,27227,1.72244,0,0,0,0,-nan,0,0,46897,27227,1.72244,0,47688,27565,1.73002,0,13700,28768,0.476224,30,13315,28649,0.464763,60,13315,28649,0.464763,168365,35,65,
/home/andy/Desktop/Curtin/IRPLR/IRPLR/Data/mvirp/Big_Instances/Istanze0105/abs7n100_2.dat,6,101,2,47499,26505,1.79208,0,47499,26505,1.79208,0,14,14,6,0.0790203,0.546013,0.0132389,13003,28284,0.45973,65,48938,26976,1.81413,0,48938,26976,1.81413,0,0,0,0,-nan,0,0,48938,26976,1.81413,0,48431,26710,1.81322,0,48431,26710,1.81322,0,0,0,0,-nan,0,0,48431,26710,1.81322,0,48896,26856,1.82067,0,48896,26856,1.82067,0,0,0,0,-nan,0,0,48896,26856,1.82067,0,49175,26909,1.82746,0,49175,26909,1.82746,0,0,0,0,-nan,0,0,49175,26909,1.82746,0,47009,26505,1.77359,0,13558,28689,0.472585,30,13003,28284,0.45973,60,13003,28284,0.45973,168473,41,65,
/home/andy/Desktop/Curtin/IRPLR/IRPLR/Data/mvirp/Big_Instances/Istanze0105/abs8n100_2.dat,6,101,2,44863,28250,1.58807,0,44863,28250,1.58807,0,13,13,7,0.0627425,0.239855,0.0064681,13838,30776,0.449636,65,45094,28295,1.59371,0,45094,28295,1.59371,0,0,0,0,-nan,0,0,45094,28295,1.59371,0,44319,27841,1.59186,0,44319,27841,1.59186,0,0,0,0,-nan,0,0,44319,27841,1.59186,0,44035,28037,1.5706,0,44035,28037,1.5706,0,0,0,0,-nan,0,0,44035,28037,1.5706,0,43624,26985,1.6166,0,43624,26985,1.6166,0,0,0,0,-nan,0,0,43624,26985,1.6166,0,44339,28250,1.56952,0,13838,30776,0.449636,30,13838,30776,0.449636,60,13838,30776,0.449636,168571,20,65,
/home/andy/Desktop/Curtin/IRPLR/IRPLR/Data/mvirp/Big_Instances/Istanze0105/abs9n100_2.dat,6,101,2,48749,28906,1.68647,0,48749,28906,1.68647,0,12,12,8,0.0992242,0.380204,0.00692233,14440,31650,0.45624,65,49121,28341,1.73321,0,49121,28341,1.73321,0,0,0,0,-nan,0,0,49121,28341,1.73321,0,49078,28257,1.73684,0,49078,28257,1.73684,0,0,0,0,-nan,0,0,49078,28257,1.73684,0,50105,28417,1.76321,0,50105,28417,1.76321,0,0,0,0,-nan,0,0,50105,28417,1.76321,0,47880,27799,1.72236,0,47880,27799,1.72236,0,0,0,0,-nan,0,0,47880,27799,1.72236,0,48224,28906,1.6683,0,14447,31650,0.456461,30,14440,31650,0.45624,60,14440,31650,0.45624,168674,37,65,
/home/andy/Desktop/Curtin/IRPLR/IRPLR/Data/mvirp/Big_Instances/Istanze0105/abs10n100_2.dat,6,101,2,45871,27583,1.66302,0,45871,27583,1.66302,0,7,7,5,0.103635,0.397744,0.0277114,13012,28869,0.450726,65,47910,27348,1.75186,0,47910,27348,1.75186,0,0,0,0,-nan,0,0,47910,27348,1.75186,0,45262,27713,1.63324,0,45262,27713,1.63324,0,0,0,0,-nan,0,0,45262,27713,1.63324,0,47084,27454,1.71501,0,47084,27454,1.71501,0,0,0,0,-nan,0,0,47084,27454,1.71501,0,48176,27246,1.76819,0,48176,27246,1.76819,0,0,0,0,-nan,0,0,48176,27246,1.76819,0,45380,27583,1.64522,0,13163,28869,0.455956,30,13012,28869,0.450726,60,13012,28869,0.450726,168779,36,65,
/home/andy/Desktop/Curtin/IRPLR/IRPLR/Data/mvirp/Big_Instances/Istanze0105/abs1n200_2.dat,6,201,2,76751,58177,1.31927,0,76751,58177,1.31927,0,8,8,4,0.0775271,0.326098,0.031822,19020,60336,0.315235,65,73266,57763,1.26839,0,73266,57763,1.26839,0,0,0,0,-nan,0,0,73266,57763,1.26839,0,73811,58390,1.2641,0,73811,58390,1.2641,0,0,0,0,-nan,0,0,73811,58390,1.2641,0,73042,58809,1.24202,0,73042,58809,1.24202,0,0,0,0,-nan,0,0,73042,58809,1.24202,0,78397,56754,1.38135,0,78397,56754,1.38135,0,0,0,0,-nan,0,0,78397,56754,1.38135,0,76080,58177,1.30773,0,21733,62277,0.348973,30,19247,60087,0.320319,60,19006,60404,0.314648,168793,62,65,
/home/andy/Desktop/Curtin/IRPLR/IRPLR/Data/mvirp/Big_Instances/Istanze0105/abs2n200_2.dat,6,201,2,74036,58082,1.27468,0,74036,58082,1.27468,0,8,8,5,0.0621699,0.261226,0.00762137,18159,62043,0.292684,65,71245,58312,1.22179,0,71245,58312,1.22179,0,0,0,0,-nan,0,0,71245,58312,1.22179,0,71051,59149,1.20122,0,71051,59149,1.20122,0,0,0,0,-nan,0,0,71051,59149,1.20122,0,68845,59388,1.15924,0,68845,59388,1.15924,0,0,0,0,-nan,0,0,68845,59388,1.15924,0,71146,58884,1.20824,0,71146,58884,1.20824,0,0,0,0,-nan,0,0,71146,58884,1.20824,0,73430,58082,1.26425,0,19071,62349,0.305875,30,18146,62100,0.292206,60,18146,62100,0.292206,168811,43,65,
/home/andy/Desktop/Curtin/IRPLR/IRPLR/Data/mvirp/Big_Instances/Istanze0105/abs3n200_2.dat,6,201,2,72654,54808,1.32561,0,72654,54808,1.32561,0,7,7,2,0.0226197,0.132575,0.0257628,20021,62026,0.322784,65,71371,54320,1.3139,0,71371,54320,1.3139,0,0,0,0,-nan,0,0,71371,54320,1.3139,0,69710,55010,1.26722,0,69710,55010,1.26722,0,0,0,0,-nan,0,0,69710,55010,1.26722,0,71935,55737,1.29061,0,71935,55737,1.29061,0,0,0,0,-nan,0,0,71935,55737,1.29061,0,71829,55181,1.3017,0,71829,55181,1.3017,0,0,0,0,-nan,0,0,71829,55181,1.3017,0,72075,54808,1.31505,0,20345,62257,0.326791,30,20021,62026,0.322784,60,20021,62026,0.322784,168827,47,65,
/home/andy/Desktop/Curtin/IRPLR/IRPLR/Data/mvirp/Big_Instances/Istanze0105/abs4n200_2.dat,6,201,2,76947,57827,1.33064,0,76947,57827,1.33064,0,12,12,6,0.0386324,0.19872,0.00491256,17734,60120,0.294977,65,76963,56981,1.35068,0,76963,56981,1.35068,0,0,0,0,-nan,0,0,76963,56981,1.35068,0,76582,56768,1.34903,0,76582,56768,1.34903,0,0,0,0,-nan,0,0,76582,56768,1.34903,0,76693,57939,1.32369,0,76693,57939,1.32369,0,0,0,0,-nan,0,0,76693,57939,1.32369,0,75776,56696,1.33653,0,75776,56696,1.33653,0,0,0,0,-nan,0,0,75776,56696,1.33653,0,76407,57827,1.3213,0,20512,60150,0.341014,30,17734,60120,0.294977,60,17734,60120,0.294977,168843,59,65,
/home/andy/Desktop/Curtin/IRPLR/IRPLR/Data/mvirp/Big_Instances/Istanze0105/abs5n200_2.dat,6,201,2,75352,57847,1.30261,0,75352,57847,1.30261,0,9,9,4,0.0440366,0.138048,0.0557331,19019,60971,0.311935,65,72875,57842,1.2599,0,72875,57842,1.2599,0,0,0,0,-nan,0,0,72875,57842,1.2599,0,76053,58595,1.29794,0,76053,58595,1.29794,0,0,0,0,-nan,0,0,76053,58595,1.29794,0,73494,58097,1.26502,0,73494,58097,1.26502,0,0,0,0,-nan,0,0,73494,58097,1.26502,0,75100,57429,1.3077,0,75100,57429,1.3077,0,0,0,0,-nan,0,0,75100,57429,1.3077,0,74765,57847,1.29246,0,19899,60689,0.327885,30,19019,61005,0.311761,60,19019,61005,0.311761,168860,37,65,
/home/andy/Desktop/Curtin/IRPLR/IRPLR/Data/mvirp/Big_Instances/Istanze0105/abs6n200_2.dat,6,201,2,75975,58801,1.29207,0,75975,58801,1.29207,0,8,8,3,0.0964392,0.637129,0.0313906,19506,64937,0.300383,65,76247,57660,1.32236,0,76247,57660,1.32236,0,0,0,0,-nan,0,0,76247,57660,1.32236,0,73866,56830,1.29977,0,73866,56830,1.29977,0,0,0,0,-nan,0,0,73866,56830,1.29977,0,73659,58564,1.25775,0,73659,58564,1.25775,0,0,0,0,-nan,0,0,73659,58564,1.25775,0,76062,57954,1.31245,0,76062,57954,1.31245,0,0,0,0,-nan,0,0,76062,57954,1.31245,0,75395,58801,1.28221,0,20091,65111,0.308565,30,19715,65052,0.303065,60,19506,64937,0.300383,168879,60,65,
/home/andy/Desktop/Curtin/IRPLR/IRPLR/Data/mvirp/Big_Instances/Istanze0105/abs7n200_2.dat,6,201,2,75868,51018,1.48708,0,75868,51018,1.48708,0,7,7,3,0.0127528,0.0534147,0.0128428,20621,56474,0.365141,65,74872,50365,1.48659,0,74872,50365,1.48659,0,0,0,0,-nan,0,0,74872,50365,1.48659,0,73968,50019,1.4788,0,73968,50019,1.4788,0,0,0,0,-nan,0,0,73968,50019,1.4788,0,73712,50937,1.44712,0,73712,50937,1.44712,0,0,0,0,-nan,0,0,73712,50937,1.44712,0,74795,50933,1.4685,0,74795,50933,1.4685,0,0,0,0,-nan,0,0,74795,50933,1.4685,0,75312,51018,1.47618,0,20778,56714,0.366365,30,20621,56474,0.365141,60,20621,56474,0.365141,168898,57,65,
/home/andy/Desktop/Curtin/IRPLR/IRPLR/Data/mvirp/Big_Instances/Istanze0105/abs8n200_2.dat,6,201,2,72246,55506,1.30159,0,72246,55506,1.30159,0,10,10,5,0.0564003,0.197392,0.0221435,18714,60507,0.309287,65,70389,54571,1.28986,0,70389,54571,1.28986,0,0,0,0,-nan,0,0,70389,54571,1.28986,0,71436,54195,1.31813,0,71436,54195,1.31813,0,0,0,0,-nan,0,0,71436,54195,1.31813,0,69836,55213,1.26485,0,69836,55213,1.26485,0,0,0,0,-nan,0,0,69836,55213,1.26485,0,70108,54149,1.29472,0,70108,54149,1.29472,0,0,0,0,-nan,0,0,70108,54149,1.29472,0,71695,55506,1.29166,0,20744,61613,0.336682,30,18685,60510,0.308792,60,18685,60510,0.308792,168913,58,65,
/home/andy/Desktop/Curtin/IRPLR/IRPLR/Data/mvirp/Big_Instances/Istanze0105/abs9n200_2.dat,6,201,2,72561,54943,1.32066,0,72561,54943,1.32066,0,7,7,4,0.0307365,0.156539,0.00328623,19093,57534,0.331856,65,77947,54477,1.43082,0,77947,54477,1.43082,0,0,0,0,-nan,0,0,77947,54477,1.43082,0,77315,54819,1.41037,0,77315,54819,1.41037,0,0,0,0,-nan,0,0,77315,54819,1.41037,0,74551,55412,1.34539,0,74551,55412,1.34539,0,0,0,0,-nan,0,0,74551,55412,1.34539,0,74394,54725,1.35942,0,74394,54725,1.35942,0,0,0,0,-nan,0,0,74394,54725,1.35942,0,72068,54943,1.31169,0,20933,60753,0.344559,30,19432,57776,0.336333,60,19093,57534,0.331856,168928,62,65,
/home/andy/Desktop/Curtin/IRPLR/IRPLR/Data/mvirp/Big_Instances/Istanze0105/abs10n200_2.dat,6,201,2,73580,56707,1.29755,0,73580,56707,1.29755,0,9,9,5,0.0294308,0.159172,0.00924214,16827,58819,0.286081,65,72701,56762,1.2808,0,72701,56762,1.2808,0,0,0,0,-nan,0,0,72701,56762,1.2808,0,71474,57326,1.2468,0,71474,57326,1.2468,0,0,0,0,-nan,0,0,71474,57326,1.2468,0,70287,57536,1.22162,0,70287,57536,1.22162,0,0,0,0,-nan,0,0,70287,57536,1.22162,0,73031,56124,1.30124,0,73031,56124,1.30124,0,0,0,0,-nan,0,0,73031,56124,1.30124,0,73005,56707,1.28741,0,17796,60240,0.295418,30,17034,59306,0.287222,60,17072,59684,0.28604,168945,62,65,
/home/andy/Desktop/Curtin/IRPLR/IRPLR/Data/mvirp/Big_Instances/Istanze0105/abs1n50_3.dat,6,51,3,30174,13537,2.229,0,30174,13537,2.229,0,15,15,8,0.129792,0.764314,0.013988,13492,14296,0.94376,38,28897,13034,2.21705,0,28897,13034,2.21705,0,3,3,1,0.0298329,0.0894988,0.0894988,12576,13396,0.938788,27,31579,13050,2.41985,0,31579,13050,2.41985,0,0,0,0,-nan,0,0,31579,13050,2.41985,0,33249,13703,2.4264,0,33249,13703,2.4264,0,0,0,0,-nan,0,0,33249,13703,2.4264,0,32823,13337,2.46105,0,32823,13337,2.46105,0,0,0,0,-nan,0,0,32823,13337,2.46105,0,29622,13537,2.18822,0,13492,14298,0.943628,30,12576,13408,0.937947,60,12576,13408,0.937947,169893,42,65,
/home/andy/Desktop/Curtin/IRPLR/IRPLR/Data/mvirp/Big_Instances/Istanze0105/abs2n50_3.dat,6,51,3,31887,13478,2.36586,0,31887,13478,2.36586,0,17,16,6,0.0785392,0.555139,0.0890472,13611,13747,0.990107,34,33475,13606,2.46031,0,33475,13606,2.46031,0,0,0,0,-nan,0,0,13702,13645,1.00418,25,36312,13158,2.75969,0,36312,13158,2.75969,0,0,0,0,-nan,0,0,13702,13645,1.00418,6,33549,13105,2.56002,0,33549,13105,2.56002,0,0,0,0,-nan,0,0,33549,13105,2.56002,0,35756,13115,2.72634,0,35756,13115,2.72634,0,0,0,0,-nan,0,0,35756,13115,2.72634,0,31335,13478,2.3249,0,13611,13747,0.990107,30,13611,13747,0.990107,60,13611,13747,0.990107,170910,12,65,
/home/andy/Desktop/Curtin/IRPLR/IRPLR/Data/mvirp/Big_Instances/Istanze0105/abs3n50_3.dat,6,51,3,30328,13726,2.20953,0,30328,13726,2.20953,0,16,16,5,0.0403859,0.366984,0.0207699,11840,14237,0.831636,27,31850,13564,2.34813,0,31850,13564,2.34813,0,2,2,0,0,0,0,11659,14077,0.82823,32,32649,13447,2.42798,0,32649,13447,2.42798,0,0,0,0,-nan,0,0,11659,14077,0.82823,6,29431,13053,2.25473,0,29431,13053,2.25473,0,0,0,0,-nan,0,0,29431,13053,2.25473,0,31644,13120,2.41189,0,31644,13120,2.41189,0,0,0,0,-nan,0,0,31644,13120,2.41189,0,29564,13724,2.15418,0,11840,14237,0.831636,30,11659,14077,0.82823,60,11659,14077,0.82823,172044,37,65,
/home/andy/Desktop/Curtin/IRPLR/IRPLR/Data/mvirp/Big_Instances/Istanze0105/abs4n50_3.dat,6,51,3,32642,13584,2.40297,0,32642,13584,2.40297,0,16,16,7,0.0725299,0.508138,0.0139412,13735,15354,0.894555,31,33763,13552,2.49137,0,33763,13552,2.49137,0,1,1,0,0,0,0,13663,15285,0.893883,27,31256,13595,2.29908,0,31256,13595,2.29908,0,1,1,0,0,0,0,13673,15302,0.893543,7,34005,13591,2.50202,0,34005,13591,2.50202,0,0,0,0,-nan,0,0,34005,13591,2.50202,0,32523,13552,2.39987,0,32523,13552,2.39987,0,0,0,0,-nan,0,0,32523,13552,2.39987,0,32030,13584,2.35792,0,13735,15354,0.894555,30,13673,15302,0.893543,60,13673,15302,0.893543,173060,59,65,
/home/andy/Desktop/Curtin/IRPLR/IRPLR/Data/mvirp/Big_Instances/Istanze0105/abs5n50_3.dat,6,51,3,31746,13374,2.37371,0,31746,13374,2.37371,0,12,12,4,0.0674524,0.464375,0.0845011,12295,13643,0.901195,33,31669,13612,2.32655,0,31669,13612,2.32655,0,0,0,0,-nan,0,0,12295,13643,0.901195,28,33950,13010,2.60953,0,33950,13010,2.60953,0,0,0,0,-nan,0,0,12295,13643,0.901195,4,30753,13045,2.35745,0,30753,13045,2.35745,0,0,0,0,-nan,0,0,30753,13045,2.35745,0,32118,13305,2.41398,0,32118,13305,2.41398,0,0,0,0,-nan,0,0,32118,13305,2.41398,0,30898,13374,2.3103,0,12295,13643,0.901195,30,12295,13643,0.901195,60,12295,13643,0.901195,173998,5,65,
/home/andy/Desktop/Curtin/IRPLR/IRPLR/Data/mvirp/Big_Instances/Istanze0105/abs6n50_3.dat,6,51,3,30940,15091,2.05023,0,30940,15091,2.05023,0,13,13,7,0.143403,0.700756,0.055348,13478,16587,0.812564,29,28515,14790,1.92799,0,28515,14790,1.92799,0,1,1,0,0,0,0,13519,16668,0.811075,21,33718,14899,2.2631,0,33718,14899,2.2631,0,0,0,0,-nan,0,0,13519,16668,0.811075,15,30344,14971,2.02685,0,30344,14971,2.02685,0,0,0,0,-nan,0,0,30344,14971,2.02685,0,32702,15450,2.11663,0,32702,15450,2.11663,0,0,0,0,-nan,0,0,32702,15450,2.11663,0,29987,15086,1.98774,0,13519,16668,0.811075,30,13519,16668,0.811075,60,13519,16668,0.811075,175209,29,65,
/home/andy/Desktop/Curtin/IRPLR/IRPLR/Data/mvirp/Big_Instances/Istanze0105/abs7n50_3.dat,6,51,3,33303,13173,2.52813,0,33303,13173,2.52813,0,12,12,6,0.0509857,0.202956,0.00634156,15119,14759,1.02439,43,30450,12789,2.38095,0,30450,12789,2.38095,0,0,0,0,-nan,0,0,15126,14738,1.02633,22,33657,12701,2.64995,0,33657,12701,2.64995,0,0,0,0,-nan,0,0,33657,12701,2.64995,0,33528,12830,2.61325,0,33528,12830,2.61325,0,0,0,0,-nan,0,0,33528,12830,2.61325,0,35529,13003,2.73237,0,35529,13003,2.73237,0,0,0,0,-nan,0,0,35529,13003,2.73237,0,32430,13173,2.46185,0,15119,14759,1.02439,30,15119,14759,1.02439,60,15119,14759,1.02439,175975,8,65,
/home/andy/Desktop/Curtin/IRPLR/IRPLR/Data/mvirp/Big_Instances/Istanze0105/abs8n50_3.dat,6,51,3,36243,11230,3.22734,0,36243,11230,3.22734,0,14,14,2,0.0173893,0.155648,0.0878018,15349,12351,1.24273,31,37240,11456,3.2507,0,37240,11456,3.2507,0,2,2,0,0,0,0,15098,12420,1.21562,25,35651,11355,3.13967,0,35651,11355,3.13967,0,0,0,0,-nan,0,0,15134,12395,1.22098,9,36079,11378,3.17094,0,36079,11378,3.17094,0,0,0,0,-nan,0,0,36079,11378,3.17094,0,36581,11199,3.26645,0,36581,11199,3.26645,0,0,0,0,-nan,0,0,36581,11199,3.26645,0,35250,11230,3.13891,0,15349,12351,1.24273,30,15098,12420,1.21562,60,15098,12420,1.21562,176998,34,65,
/home/andy/Desktop/Curtin/IRPLR/IRPLR/Data/mvirp/Big_Instances/Istanze0105/abs9n50_3.dat,6,51,3,32425,14020,2.31277,0,32425,14020,2.31277,0,16,16,5,0.04523,0.452548,0.00653766,12700,15225,0.834154,30,32007,14257,2.245,0,32007,14257,2.245,0,5,5,1,0.00158755,0.00793777,0.00793777,12462,15229,0.818307,31,31963,13367,2.39119,0,31963,13367,2.39119,0,2,2,0,0,0,0,12458,15261,0.816329,4,32097,13962,2.29888,0,32097,13962,2.29888,0,0,0,0,-nan,0,0,32097,13962,2.29888,0,30426,13558,2.24414,0,30426,13558,2.24414,0,0,0,0,-nan,0,0,30426,13558,2.24414,0,31676,14020,2.25934,0,12700,15225,0.834154,30,12462,15229,0.818307,60,12458,15261,0.816329,178031,62,65,
/home/andy/Desktop/Curtin/IRPLR/IRPLR/Data/mvirp/Big_Instances/Istanze0105/abs10n50_3.dat,6,51,3,31446,13933,2.25694,0,31446,13933,2.25694,0,10,10,2,0.082957,0.524804,0.304767,12928,15562,0.830742,30,32698,13990,2.33724,0,32698,13990,2.33724,0,1,1,0,0,0,0,12947,15623,0.828714,23,30843,13465,2.29061,0,30843,13465,2.29061,0,0,0,0,-nan,0,0,12947,15623,0.828714,12,32067,13834,2.31798,0,32067,13834,2.31798,0,0,0,0,-nan,0,0,32067,13834,2.31798,0,32382,13566,2.387,0,32382,13566,2.387,0,0,0,0,-nan,0,0,32382,13566,2.387,0,30747,13933,2.20678,0,12928,15562,0.830742,30,12947,15623,0.828714,60,12947,15623,0.828714,179123,30,65,
/home/andy/Desktop/Curtin/IRPLR/IRPLR/Data/mvirp/Big_Instances/Istanze0105/abs1n100_3.dat,6,101,3,45068,28739,1.56818,0,45068,28739,1.56818,0,19,19,15,0.0756491,0.299382,0.0061799,14886,31132,0.478158,65,47473,27885,1.70246,0,47473,27885,1.70246,0,0,0,0,-nan,0,0,47473,27885,1.70246,0,47664,28472,1.67407,0,47664,28472,1.67407,0,0,0,0,-nan,0,0,47664,28472,1.67407,0,47082,28244,1.66697,0,47082,28244,1.66697,0,0,0,0,-nan,0,0,47082,28244,1.66697,0,46565,28150,1.65417,0,46565,28150,1.65417,0,0,0,0,-nan,0,0,46565,28150,1.65417,0,44355,28739,1.54337,0,15050,31232,0.481878,30,14882,31132,0.478029,60,14882,31132,0.478029,179239,57,65,
/home/andy/Desktop/Curtin/IRPLR/IRPLR/Data/mvirp/Big_Instances/Istanze0105/abs2n100_3.dat,6,101,3,45609,26640,1.71205,0,45609,26640,1.71205,0,23,23,12,0.0402698,0.255473,0.0139446,13612,27803,0.489587,65,48088,26361,1.82421,0,48088,26361,1.82421,0,0,0,0,-nan,0,0,48088,26361,1.82421,0,45965,26862,1.71115,0,45965,26862,1.71115,0,0,0,0,-nan,0,0,45965,26862,1.71115,0,45105,26174,1.72328,0,45105,26174,1.72328,0,0,0,0,-nan,0,0,45105,26174,1.72328,0,44511,26831,1.65894,0,44511,26831,1.65894,0,0,0,0,-nan,0,0,44511,26831,1.65894,0,44978,26640,1.68836,0,14097,27863,0.50594,30,13612,27831,0.489095,60,13612,27831,0.489095,179355,58,65,
/home/andy/Desktop/Curtin/IRPLR/IRPLR/Data/mvirp/Big_Instances/Istanze0105/abs3n100_3.dat,6,101,3,53651,28222,1.90103,0,53651,28222,1.90103,0,13,13,8,0.0933917,0.34399,0.0322831,16048,31794,0.504749,65,53036,28209,1.88011,0,53036,28209,1.88011,0,0,0,0,-nan,0,0,53036,28209,1.88011,0,52335,28163,1.85829,0,52335,28163,1.85829,0,0,0,0,-nan,0,0,52335,28163,1.85829,0,52928,27415,1.93062,0,52928,27415,1.93062,0,0,0,0,-nan,0,0,52928,27415,1.93062,0,50295,27526,1.82718,0,50295,27526,1.82718,0,0,0,0,-nan,0,0,50295,27526,1.82718,0,52872,28222,1.87343,0,15809,30849,0.512464,30,16044,31853,0.503689,60,16044,31853,0.503689,179468,40,65,
/home/andy/Desktop/Curtin/IRPLR/IRPLR/Data/mvirp/Big_Instances/Istanze0105/abs4n100_3.dat,6,101,3,48534,27361,1.77384,0,48534,27361,1.77384,0,14,14,8,0.0457198,0.193163,0.0108768,13608,28340,0.480169,65,50746,26979,1.88094,0,50746,26979,1.88094,0,0,0,0,-nan,0,0,50746,26979,1.88094,0,49369,27214,1.8141,0,49369,27214,1.8141,0,0,0,0,-nan,0,0,49369,27214,1.8141,0,50579,26616,1.90032,0,50579,26616,1.90032,0,0,0,0,-nan,0,0,50579,26616,1.90032,0,50472,26860,1.87908,0,50472,26860,1.87908,0,0,0,0,-nan,0,0,50472,26860,1.87908,0,47907,27361,1.75092,0,14193,28673,0.494995,30,13607,28341,0.480117,60,13607,28341,0.480117,179586,54,65,
/home/andy/Desktop/Curtin/IRPLR/IRPLR/Data/mvirp/Big_Instances/Istanze0105/abs5n100_3.dat,6,101,3,53615,28865,1.85744,0,53615,28865,1.85744,0,9,9,5,0.0258922,0.163955,0.00949097,14780,31652,0.466953,65,54656,29086,1.87912,0,54656,29086,1.87912,0,0,0,0,-nan,0,0,54656,29086,1.87912,0,54828,29426,1.86325,0,54828,29426,1.86325,0,0,0,0,-nan,0,0,54828,29426,1.86325,0,55062,28377,1.94037,0,55062,28377,1.94037,0,0,0,0,-nan,0,0,55062,28377,1.94037,0,52750,29479,1.78941,0,52750,29479,1.78941,0,0,0,0,-nan,0,0,52750,29479,1.78941,0,52744,28865,1.82726,0,14780,31652,0.466953,30,14780,31652,0.466953,60,14780,31652,0.466953,179684,19,65,
/home/andy/Desktop/Curtin/IRPLR/IRPLR/Data/mvirp/Big_Instances/Istanze0105/abs6n100_3.dat,6,101,3,49166,27565,1.78364,0,49166,27565,1.78364,0,21,21,11,0.0579761,0.462456,0.0160677,16354,30482,0.536513,65,50510,27075,1.86556,0,50510,27075,1.86556,0,0,0,0,-nan,0,0,50510,27075,1.86556,0,49651,27529,1.80359,0,49651,27529,1.80359,0,0,0,0,-nan,0,0,49651,27529,1.80359,0,51170,27538,1.85816,0,51170,27538,1.85816,0,0,0,0,-nan,0,0,51170,27538,1.85816,0,49257,27227,1.80912,0,49257,27227,1.80912,0,0,0,0,-nan,0,0,49257,27227,1.80912,0,48351,27565,1.75407,0,16832,30382,0.554012,30,16571,30645,0.540741,60,16354,30482,0.536513,179811,60,65,
/home/andy/Desktop/Curtin/IRPLR/IRPLR/Data/mvirp/Big_Instances/Istanze0105/abs7n100_3.dat,6,101,3,48889,26505,1.84452,0,48889,26505,1.84452,0,11,11,4,0.00951385,0.0463043,0.0143062,14471,27960,0.517561,65,51165,26976,1.89669,0,51165,26976,1.89669,0,0,0,0,-nan,0,0,51165,26976,1.89669,0,50462,26584,1.89821,0,50462,26584,1.89821,0,0,0,0,-nan,0,0,50462,26584,1.89821,0,50932,26856,1.89648,0,50932,26856,1.89648,0,0,0,0,-nan,0,0,50932,26856,1.89648,0,51193,26909,1.90245,0,51193,26909,1.90245,0,0,0,0,-nan,0,0,51193,26909,1.90245,0,48135,26505,1.81607,0,14471,27960,0.517561,30,14471,27960,0.517561,60,14471,27960,0.517561,179940,23,65,
/home/andy/Desktop/Curtin/IRPLR/IRPLR/Data/mvirp/Big_Instances/Istanze0105/abs8n100_3.dat,6,101,3,45974,28250,1.6274,0,45974,28250,1.6274,0,18,18,10,0.0617385,0.302693,0.00335852,15397,29826,0.516227,65,44448,28295,1.57088,0,44448,28295,1.57088,0,0,0,0,-nan,0,0,44448,28295,1.57088,0,46612,27841,1.67422,0,46612,27841,1.67422,0,0,0,0,-nan,0,0,46612,27841,1.67422,0,44362,28037,1.58227,0,44362,28037,1.58227,0,0,0,0,-nan,0,0,44362,28037,1.58227,0,43987,26985,1.63005,0,43987,26985,1.63005,0,0,0,0,-nan,0,0,43987,26985,1.63005,0,45058,28250,1.59497,0,16015,29721,0.538845,30,15397,29826,0.516227,60,15397,29826,0.516227,180043,57,65,
/home/andy/Desktop/Curtin/IRPLR/IRPLR/Data/mvirp/Big_Instances/Istanze0105/abs9n100_3.dat,6,101,3,49753,28906,1.7212,0,49753,28906,1.7212,0,18,17,12,0.0611305,0.254011,0.00557196,16506,30683,0.537953,65,50200,28341,1.77129,0,50200,28341,1.77129,0,0,0,0,-nan,0,0,50200,28341,1.77129,0,51324,28257,1.81633,0,51324,28257,1.81633,0,0,0,0,-nan,0,0,51324,28257,1.81633,0,51407,28417,1.80902,0,51407,28417,1.80902,0,0,0,0,-nan,0,0,51407,28417,1.80902,0,49035,27799,1.76391,0,49035,27799,1.76391,0,0,0,0,-nan,0,0,49035,27799,1.76391,0,49140,28906,1.69999,0,17026,30647,0.555552,30,16503,30683,0.537855,60,16503,30683,0.537855,180152,51,65,
/home/andy/Desktop/Curtin/IRPLR/IRPLR/Data/mvirp/Big_Instances/Istanze0105/abs10n100_3.dat,6,101,3,46727,27583,1.69405,0,46727,27583,1.69405,0,13,12,4,0.00520996,0.0331257,0.00486334,15157,30283,0.500512,65,49128,27348,1.7964,0,49128,27348,1.7964,0,0,0,0,-nan,0,0,49128,27348,1.7964,0,46678,27713,1.68434,0,46678,27713,1.68434,0,0,0,0,-nan,0,0,46678,27713,1.68434,0,48499,27454,1.76655,0,48499,27454,1.76655,0,0,0,0,-nan,0,0,48499,27454,1.76655,0,48614,27246,1.78426,0,48614,27246,1.78426,0,0,0,0,-nan,0,0,48614,27246,1.78426,0,46205,27583,1.67513,0,15218,30174,0.504341,30,15157,30283,0.500512,60,15157,30283,0.500512,180272,57,65,
/home/andy/Desktop/Curtin/IRPLR/IRPLR/Data/mvirp/Big_Instances/Istanze0105/abs1n200_3.dat,6,201,3,77360,58177,1.32974,0,77360,58177,1.32974,0,6,6,2,0.0235195,0.0914305,0.0496867,20660,62507,0.330523,65,74575,57763,1.29105,0,74575,57763,1.29105,0,0,0,0,-nan,0,0,74575,57763,1.29105,0,74139,58390,1.26972,0,74139,58390,1.26972,0,0,0,0,-nan,0,0,74139,58390,1.26972,0,74953,58809,1.27452,0,74953,58809,1.27452,0,0,0,0,-nan,0,0,74953,58809,1.27452,0,78746,56754,1.3875,0,78746,56754,1.3875,0,0,0,0,-nan,0,0,78746,56754,1.3875,0,76784,58177,1.31983,0,24048,61753,0.389422,30,20660,62507,0.330523,60,20660,62507,0.330523,180287,44,65,
/home/andy/Desktop/Curtin/IRPLR/IRPLR/Data/mvirp/Big_Instances/Istanze0105/abs2n200_3.dat,6,201,3,74315,58082,1.27948,0,74315,58082,1.27948,0,12,12,8,0.0332401,0.171936,0.00603646,19515,62926,0.310126,65,71937,58312,1.23366,0,71937,58312,1.23366,0,0,0,0,-nan,0,0,71937,58312,1.23366,0,71397,59149,1.20707,0,71397,59149,1.20707,0,0,0,0,-nan,0,0,71397,59149,1.20707,0,70041,59388,1.17938,0,70041,59388,1.17938,0,0,0,0,-nan,0,0,70041,59388,1.17938,0,72817,58884,1.23662,0,72817,58884,1.23662,0,0,0,0,-nan,0,0,72817,58884,1.23662,0,73937,58082,1.27298,0,21680,63311,0.342437,30,19973,63056,0.31675,60,19515,62933,0.310092,180310,61,65,
/home/andy/Desktop/Curtin/IRPLR/IRPLR/Data/mvirp/Big_Instances/Istanze0105/abs3n200_3.dat,6,201,3,75341,54808,1.37464,0,75341,54808,1.37464,0,9,8,4,0.0304074,0.180376,0.0041511,22029,60446,0.364441,65,72658,54320,1.33759,0,72658,54320,1.33759,0,0,0,0,-nan,0,0,72658,54320,1.33759,0,71115,55010,1.29276,0,71115,55010,1.29276,0,0,0,0,-nan,0,0,71115,55010,1.29276,0,73964,55737,1.32702,0,73964,55737,1.32702,0,0,0,0,-nan,0,0,73964,55737,1.32702,0,73400,55181,1.33017,0,73400,55181,1.33017,0,0,0,0,-nan,0,0,73400,55181,1.33017,0,74473,54808,1.3588,0,24268,58116,0.417579,30,22027,60451,0.364378,60,22027,60451,0.364378,180325,58,65,
/home/andy/Desktop/Curtin/IRPLR/IRPLR/Data/mvirp/Big_Instances/Istanze0105/abs4n200_3.dat,6,201,3,78297,57827,1.35399,0,78297,57827,1.35399,0,8,8,5,0.0641246,0.205534,0.02147,21889,64382,0.339986,65,77704,56981,1.36368,0,77704,56981,1.36368,0,0,0,0,-nan,0,0,77704,56981,1.36368,0,77531,56768,1.36575,0,77531,56768,1.36575,0,0,0,0,-nan,0,0,77531,56768,1.36575,0,78377,57939,1.35275,0,78377,57939,1.35275,0,0,0,0,-nan,0,0,78377,57939,1.35275,0,75864,56696,1.33808,0,75864,56696,1.33808,0,0,0,0,-nan,0,0,75864,56696,1.33808,0,77690,57827,1.34349,0,23157,63891,0.362445,30,21886,64387,0.339913,60,21886,64387,0.339913,180342,58,65,
/home/andy/Desktop/Curtin/IRPLR/IRPLR/Data/mvirp/Big_Instances/Istanze0105/abs5n200_3.dat,6,201,3,76574,57847,1.32373,0,76574,57847,1.32373,0,10,10,5,0.0494612,0.365761,0.00223613,21179,59278,0.357283,65,75836,57842,1.31109,0,75836,57842,1.31109,0,0,0,0,-nan,0,0,75836,57842,1.31109,0,75920,58595,1.29567,0,75920,58595,1.29567,0,0,0,0,-nan,0,0,75920,58595,1.29567,0,73925,58097,1.27244,0,73925,58097,1.27244,0,0,0,0,-nan,0,0,73925,58097,1.27244,0,76201,57429,1.32687,0,76201,57429,1.32687,0,0,0,0,-nan,0,0,76201,57429,1.32687,0,76000,57847,1.31381,0,21911,58841,0.372376,30,21298,59376,0.358697,60,21179,59278,0.357283,180361,64,65,
/home/andy/Desktop/Curtin/IRPLR/IRPLR/Data/mvirp/Big_Instances/Istanze0105/abs6n200_3.dat,6,201,3,77288,58801,1.3144,0,77288,58801,1.3144,0,13,13,10,0.0259293,0.150487,0.00299455,22186,65892,0.336702,65,78192,57660,1.35609,0,78192,57660,1.35609,0,0,0,0,-nan,0,0,78192,57660,1.35609,0,73070,56830,1.28576,0,73070,56830,1.28576,0,0,0,0,-nan,0,0,73070,56830,1.28576,0,75096,58564,1.28229,0,75096,58564,1.28229,0,0,0,0,-nan,0,0,75096,58564,1.28229,0,77490,57954,1.33709,0,77490,57954,1.33709,0,0,0,0,-nan,0,0,77490,57954,1.33709,0,76599,58801,1.30268,0,24838,65210,0.380893,30,22186,65914,0.33659,60,22186,65914,0.33659,180378,58,65,
/home/andy/Desktop/Curtin/IRPLR/IRPLR/Data/mvirp/Big_Instances/Istanze0105/abs7n200_3.dat,6,201,3,75985,51018,1.48938,0,75985,51018,1.48938,0,14,14,6,0.0145757,0.0951097,0.00553006,20688,55727,0.371238,65,75030,50365,1.48973,0,75030,50365,1.48973,0,0,0,0,-nan,0,0,75030,50365,1.48973,0,73947,50019,1.47838,0,73947,50019,1.47838,0,0,0,0,-nan,0,0,73947,50019,1.47838,0,75290,50937,1.4781,0,75290,50937,1.4781,0,0,0,0,-nan,0,0,75290,50937,1.4781,0,75073,50933,1.47396,0,75073,50933,1.47396,0,0,0,0,-nan,0,0,75073,50933,1.47396,0,75399,51018,1.47789,0,22109,54249,0.407547,30,20806,55484,0.374991,60,20688,55727,0.371238,180399,63,65,
/home/andy/Desktop/Curtin/IRPLR/IRPLR/Data/mvirp/Big_Instances/Istanze0105/abs8n200_3.dat,6,201,3,73399,55506,1.32236,0,73399,55506,1.32236,0,9,9,4,0.0341689,0.210674,0.0136754,19779,58267,0.339455,65,70570,54571,1.29318,0,70570,54571,1.29318,0,0,0,0,-nan,0,0,70570,54571,1.29318,0,71672,54195,1.32248,0,71672,54195,1.32248,0,0,0,0,-nan,0,0,71672,54195,1.32248,0,70896,55213,1.28405,0,70896,55213,1.28405,0,0,0,0,-nan,0,0,70896,55213,1.28405,0,69999,54149,1.29271,0,69999,54149,1.29271,0,0,0,0,-nan,0,0,69999,54149,1.29271,0,72613,55506,1.3082,0,21936,58483,0.375083,30,19779,58267,0.339455,60,19779,58267,0.339455,180414,54,65,
/home/andy/Desktop/Curtin/IRPLR/IRPLR/Data/mvirp/Big_Instances/Istanze0105/abs9n200_3.dat,6,201,3,73515,54943,1.33802,0,73515,54943,1.33802,0,8,8,6,0.0336879,0.0999321,0.0174125,23358,61663,0.378801,65,78356,54477,1.43833,0,78356,54477,1.43833,0,0,0,0,-nan,0,0,78356,54477,1.43833,0,77246,54819,1.40911,0,77246,54819,1.40911,0,0,0,0,-nan,0,0,77246,54819,1.40911,0,76066,55412,1.37274,0,76066,55412,1.37274,0,0,0,0,-nan,0,0,76066,55412,1.37274,0,76767,54725,1.40278,0,76767,54725,1.40278,0,0,0,0,-nan,0,0,76767,54725,1.40278,0,73009,54943,1.32881,0,25880,61372,0.421691,30,23347,61663,0.378623,60,23347,61663,0.378623,180434,42,65,
/home/andy/Desktop/Curtin/IRPLR/IRPLR/Data/mvirp/Big_Instances/Istanze0105/abs10n200_3.dat,6,201,3,74167,56707,1.3079,0,74167,56707,1.3079,0,8,8,5,0.0599068,0.155457,0.0137512,22683,64312,0.352702,65,75175,56762,1.32439,0,75175,56762,1.32439,0,0,0,0,-nan,0,0,75175,56762,1.32439,0,72226,57326,1.25992,0,72226,57326,1.25992,0,0,0,0,-nan,0,0,72226,57326,1.25992,0,71881,57536,1.24932,0,71881,57536,1.24932,0,0,0,0,-nan,0,0,71881,57536,1.24932,0,72506,56124,1.29189,0,72506,56124,1.29189,0,0,0,0,-nan,0,0,72506,56124,1.29189,0,73581,56707,1.29756,0,23008,64539,0.356498,30,22683,64312,0.352702,60,22683,64312,0.352702,180452,50,65,
/home/andy/Desktop/Curtin/IRPLR/IRPLR/Data/mvirp/Big_Instances/Istanze0105/abs1n50_4.dat,6,51,4,32334,13537,2.38856,0,32334,13537,2.38856,0,23,23,4,0.0457357,0.861327,0.00834155,15033,14147,1.06263,26,31313,13034,2.40241,0,31313,13034,2.40241,0,0,0,0,-nan,0,0,15033,14147,1.06263,19,33521,13050,2.56866,0,33521,13050,2.56866,0,0,0,0,-nan,0,0,15033,14147,1.06263,18,33816,13703,2.46778,0,33816,13703,2.46778,0,0,0,0,-nan,0,0,15042,14147,1.06326,2,33687,13337,2.52583,0,33687,13337,2.52583,0,0,0,0,-nan,0,0,33687,13337,2.52583,0,31766,13537,2.34661,0,15033,14147,1.06263,30,15033,14147,1.06263,60,15033,14147,1.06263,182017,13,65,
/home/andy/Desktop/Curtin/IRPLR/IRPLR/Data/mvirp/Big_Instances/Istanze0105/abs2n50_4.dat,6,51,4,35823,13478,2.65789,0,35823,13478,2.65789,0,9,8,1,0.00689132,0.0620219,0.0620219,16564,14438,1.14725,36,35917,13606,2.63979,0,35917,13606,2.63979,0,0,0,0,-nan,0,0,16624,14476,1.14838,29,39542,13158,3.00517,0,39542,13158,3.00517,0,0,0,0,-nan,0,0,39542,13158,3.00517,0,35094,13105,2.67791,0,35094,13105,2.67791,0,0,0,0,-nan,0,0,35094,13105,2.67791,0,38430,13115,2.93023,0,38430,13115,2.93023,0,0,0,0,-nan,0,0,38430,13115,2.93023,0,35125,13470,2.60765,0,16564,14438,1.14725,30,16564,14438,1.14725,60,16564,14438,1.14725,182998,9,65,
/home/andy/Desktop/Curtin/IRPLR/IRPLR/Data/mvirp/Big_Instances/Istanze0105/abs3n50_4.dat,6,51,4,31560,13726,2.29929,0,31560,13726,2.29929,0,25,25,5,0.038234,0.45633,0.0364033,13656,14381,0.949586,44,30971,13564,2.28332,0,30971,13564,2.28332,0,1,1,0,0,0,0,13574,14330,0.947244,21,34868,13447,2.59299,0,34868,13447,2.59299,0,0,0,0,-nan,0,0,34868,13447,2.59299,0,31331,13053,2.40029,0,31331,13053,2.40029,0,0,0,0,-nan,0,0,31331,13053,2.40029,0,34534,13120,2.63216,0,34534,13120,2.63216,0,0,0,0,-nan,0,0,34534,13120,2.63216,0,30863,13726,2.24851,0,13656,14381,0.949586,30,13574,14330,0.947244,60,13574,14330,0.947244,184058,48,65,
/home/andy/Desktop/Curtin/IRPLR/IRPLR/Data/mvirp/Big_Instances/Istanze0105/abs4n50_4.dat,6,51,4,34085,13584,2.5092,0,34085,13584,2.5092,0,18,18,6,0.0435274,0.2217,0.0177504,16053,14790,1.0854,43,34350,13552,2.53468,0,34350,13552,2.53468,0,0,0,0,-nan,0,0,16053,14652,1.09562,22,32531,13595,2.39287,0,32531,13595,2.39287,0,0,0,0,-nan,0,0,32531,13595,2.39287,0,34982,13591,2.57391,0,34982,13591,2.57391,0,0,0,0,-nan,0,0,34982,13591,2.57391,0,34498,13552,2.5456,0,34498,13552,2.5456,0,0,0,0,-nan,0,0,34498,13552,2.5456,0,33344,13584,2.45465,0,16053,14790,1.0854,30,16053,14790,1.0854,60,16053,14790,1.0854,184971,16,65,
/home/andy/Desktop/Curtin/IRPLR/IRPLR/Data/mvirp/Big_Instances/Istanze0105/abs5n50_4.dat,6,51,4,32100,13374,2.40018,0,32100,13374,2.40018,0,11,10,5,0.0759571,0.582263,0.0322103,14870,13933,1.06725,35,33325,13612,2.44821,0,33325,13612,2.44821,0,6,4,0,0,0,0,14631,14055,1.04098,30,35081,13010,2.69646,0,35081,13010,2.69646,0,0,0,0,-nan,0,0,35081,13010,2.69646,0,31187,13045,2.39072,0,31187,13045,2.39072,0,0,0,0,-nan,0,0,31187,13045,2.39072,0,33774,13305,2.53844,0,33774,13305,2.53844,0,0,0,0,-nan,0,0,33774,13305,2.53844,0,31680,13374,2.36878,0,14870,13933,1.06725,30,14631,14055,1.04098,60,14631,14055,1.04098,185915,41,65,
/home/andy/Desktop/Curtin/IRPLR/IRPLR/Data/mvirp/Big_Instances/Istanze0105/abs6n50_4.dat,6,51,4,32241,15091,2.13644,0,32241,15091,2.13644,0,20,19,7,0.0170077,0.143246,0.00615309,15313,15874,0.964659,34,30788,14790,2.08168,0,30788,14790,2.08168,0,2,2,0,0,0,0,15189,15760,0.963769,30,34009,14899,2.28264,0,34009,14899,2.28264,0,0,0,0,-nan,0,0,14974,15374,0.973982,1,33027,14971,2.20607,0,33027,14971,2.20607,0,0,0,0,-nan,0,0,33027,14971,2.20607,0,34412,15450,2.22731,0,34412,15450,2.22731,0,0,0,0,-nan,0,0,34412,15450,2.22731,0,31842,15091,2.11,0,15313,15874,0.964659,30,15189,15760,0.963769,60,15189,15760,0.963769,187134,43,65,
/home/andy/Desktop/Curtin/IRPLR/IRPLR/Data/mvirp/Big_Instances/Istanze0105/abs7n50_4.dat,6,51,4,32358,13173,2.45639,0,32358,13173,2.45639,0,15,14,4,0.0240603,0.227534,0.00543803,16126,13955,1.15557,40,31002,12789,2.42411,0,31002,12789,2.42411,0,7,7,1,0.00998071,0.0698649,0.0698649,16057,14175,1.13277,25,34603,12701,2.72443,0,34603,12701,2.72443,0,0,0,0,-nan,0,0,34603,12701,2.72443,0,34533,12830,2.69158,0,34533,12830,2.69158,0,0,0,0,-nan,0,0,34533,12830,2.69158,0,34780,13003,2.67477,0,34780,13003,2.67477,0,0,0,0,-nan,0,0,34780,13003,2.67477,0,31579,13173,2.39725,0,16126,13955,1.15557,30,16057,14175,1.13277,60,16057,14175,1.13277,188073,51,65,
/home/andy/Desktop/Curtin/IRPLR/IRPLR/Data/mvirp/Big_Instances/Istanze0105/abs8n50_4.dat,6,51,4,36566,11230,3.2561,0,36566,11230,3.2561,0,13,11,5,0.0714932,0.340191,0.0762777,18270,12290,1.48657,26,38266,11456,3.34026,0,38266,11456,3.34026,0,1,0,0,0,0,0,18348,12369,1.48339,21,38845,11355,3.42096,0,38845,11355,3.42096,0,3,3,3,0.0328959,0.0730757,0.00110022,18194,12307,1.47835,18,38947,11378,3.42301,0,38947,11378,3.42301,0,0,0,0,-nan,0,0,38947,11378,3.42301,0,36951,11199,3.29949,0,36951,11199,3.29949,0,0,0,0,-nan,0,0,36951,11199,3.29949,0,35789,11230,3.18691,0,18348,12369,1.48339,30,18194,12316,1.47727,60,18194,12316,1.47727,189508,52,65,
/home/andy/Desktop/Curtin/IRPLR/IRPLR/Data/mvirp/Big_Instances/Istanze0105/abs9n50_4.dat,6,51,4,32859,14020,2.34372,0,32859,14020,2.34372,0,10,8,1,0.0176563,0.176563,0.176563,14920,15103,0.987883,35,34140,14257,2.39461,0,34140,14257,2.39461,0,0,0,0,-nan,0,0,14433,14605,0.988223,25,33841,13367,2.53168,0,33841,13367,2.53168,0,0,0,0,-nan,0,0,14928,15103,0.988413,5,34593,13962,2.47765,0,34593,13962,2.47765,0,0,0,0,-nan,0,0,34593,13962,2.47765,0,33093,13558,2.44085,0,33093,13558,2.44085,0,0,0,0,-nan,0,0,33093,13558,2.44085,0,31925,14020,2.2771,0,14920,15103,0.987883,30,14920,15103,0.987883,60,14920,15103,0.987883,190593,11,65,
/home/andy/Desktop/Curtin/IRPLR/IRPLR/Data/mvirp/Big_Instances/Istanze0105/abs10n50_4.dat,6,51,4,34142,13933,2.45044,0,34142,13933,2.45044,0,14,14,9,0.109296,0.569977,0.00615422,14193,14618,0.970926,21,33928,13990,2.42516,0,33928,13990,2.42516,0,0,0,0,-nan,0,0,14193,14618,0.970926,19,33418,13465,2.48184,0,33418,13465,2.48184,0,0,0,0,-nan,0,0,14193,14618,0.970926,20,31873,13834,2.30396,0,31873,13834,2.30396,0,0,0,0,-nan,0,0,14193,14618,0.970926,5,34749,13566,2.56148,0,34749,13566,2.56148,0,0,0,0,-nan,0,0,34749,13566,2.56148,0,33448,13933,2.40063,0,14193,14618,0.970926,30,14193,14618,0.970926,60,14193,14618,0.970926,192064,3,65,
/home/andy/Desktop/Curtin/IRPLR/IRPLR/Data/mvirp/Big_Instances/Istanze0105/abs1n100_4.dat,6,101,4,45886,28739,1.59665,0,45886,28739,1.59665,0,24,24,17,0.0488039,0.146912,0.00315398,16775,31704,0.529113,65,49741,27885,1.78379,0,49741,27885,1.78379,0,0,0,0,-nan,0,0,49741,27885,1.78379,0,48357,28472,1.69841,0,48357,28472,1.69841,0,0,0,0,-nan,0,0,48357,28472,1.69841,0,46731,28244,1.65455,0,46731,28244,1.65455,0,0,0,0,-nan,0,0,46731,28244,1.65455,0,46957,28150,1.6681,0,46957,28150,1.6681,0,0,0,0,-nan,0,0,46957,28150,1.6681,0,45115,28739,1.56982,0,17325,32084,0.539989,30,16775,31714,0.528946,60,16775,31714,0.528946,192203,59,65,
/home/andy/Desktop/Curtin/IRPLR/IRPLR/Data/mvirp/Big_Instances/Istanze0105/abs2n100_4.dat,6,101,4,46040,26640,1.72823,0,46040,26640,1.72823,0,13,13,4,0.0174171,0.0935875,0.00217121,15562,28814,0.540085,65,49212,26361,1.86685,0,49212,26361,1.86685,0,0,0,0,-nan,0,0,49212,26361,1.86685,0,45975,26862,1.71153,0,45975,26862,1.71153,0,0,0,0,-nan,0,0,45975,26862,1.71153,0,46314,26174,1.76947,0,46314,26174,1.76947,0,0,0,0,-nan,0,0,46314,26174,1.76947,0,46646,26831,1.73851,0,46646,26831,1.73851,0,0,0,0,-nan,0,0,46646,26831,1.73851,0,45443,26640,1.70582,0,16190,28703,0.564053,30,15546,28785,0.540073,60,15546,28785,0.540073,192308,40,65,
/home/andy/Desktop/Curtin/IRPLR/IRPLR/Data/mvirp/Big_Instances/Istanze0105/abs3n100_4.dat,6,101,4,54805,28222,1.94192,0,54805,28222,1.94192,0,14,11,6,0.0529235,0.217262,0.0325543,18467,31510,0.586068,65,54308,28209,1.9252,0,54308,28209,1.9252,0,0,0,0,-nan,0,0,54308,28209,1.9252,0,53698,28163,1.90669,0,53698,28163,1.90669,0,0,0,0,-nan,0,0,53698,28163,1.90669,0,53582,27415,1.95448,0,53582,27415,1.95448,0,0,0,0,-nan,0,0,53582,27415,1.95448,0,51873,27526,1.88451,0,51873,27526,1.88451,0,0,0,0,-nan,0,0,51873,27526,1.88451,0,54135,28222,1.91818,0,19127,31144,0.614147,30,18467,31510,0.586068,60,18467,31510,0.586068,192427,48,65,
/home/andy/Desktop/Curtin/IRPLR/IRPLR/Data/mvirp/Big_Instances/Istanze0105/abs4n100_4.dat,6,101,4,50724,27361,1.85388,0,50724,27361,1.85388,0,16,16,7,0.0251921,0.152889,0.00338284,14508,28555,0.508072,65,54754,26979,2.0295,0,54754,26979,2.0295,0,0,0,0,-nan,0,0,54754,26979,2.0295,0,52877,27214,1.94301,0,52877,27214,1.94301,0,0,0,0,-nan,0,0,52877,27214,1.94301,0,52082,26616,1.95679,0,52082,26616,1.95679,0,0,0,0,-nan,0,0,52082,26616,1.95679,0,53594,26860,1.99531,0,53594,26860,1.99531,0,0,0,0,-nan,0,0,53594,26860,1.99531,0,50039,27361,1.82884,0,14508,28555,0.508072,30,14508,28555,0.508072,60,14508,28555,0.508072,192541,13,65,
/home/andy/Desktop/Curtin/IRPLR/IRPLR/Data/mvirp/Big_Instances/Istanze0105/abs5n100_4.dat,6,101,4,55674,28865,1.92877,0,55674,28865,1.92877,0,13,13,5,0.0235898,0.15565,0.0054933,15561,31580,0.492749,65,56464,29086,1.94128,0,56464,29086,1.94128,0,0,0,0,-nan,0,0,56464,29086,1.94128,0,56980,29426,1.93638,0,56980,29426,1.93638,0,0,0,0,-nan,0,0,56980,29426,1.93638,0,57149,28377,2.01392,0,57149,28377,2.01392,0,0,0,0,-nan,0,0,57149,28377,2.01392,0,54156,29479,1.8371,0,54156,29479,1.8371,0,0,0,0,-nan,0,0,54156,29479,1.8371,0,54800,28865,1.89849,0,15561,31580,0.492749,30,15561,31580,0.492749,60,15561,31580,0.492749,192673,28,65,
/home/andy/Desktop/Curtin/IRPLR/IRPLR/Data/mvirp/Big_Instances/Istanze0105/abs6n100_4.dat,6,101,4,51553,27565,1.87023,0,51553,27565,1.87023,0,11,11,8,0.0519374,0.232338,0.0137419,18900,29665,0.637114,65,51263,27075,1.89337,0,51263,27075,1.89337,0,0,0,0,-nan,0,0,51263,27075,1.89337,0,51579,27529,1.87362,0,51579,27529,1.87362,0,0,0,0,-nan,0,0,51579,27529,1.87362,0,50816,27538,1.8453,0,50816,27538,1.8453,0,0,0,0,-nan,0,0,50816,27538,1.8453,0,49126,27227,1.80431,0,49126,27227,1.80431,0,0,0,0,-nan,0,0,49126,27227,1.80431,0,51066,27565,1.85257,0,19041,29302,0.649819,30,18900,29665,0.637114,60,18900,29665,0.637114,192781,45,65,
/home/andy/Desktop/Curtin/IRPLR/IRPLR/Data/mvirp/Big_Instances/Istanze0105/abs7n100_4.dat,6,101,4,50541,26505,1.90685,0,50541,26505,1.90685,0,16,16,9,0.0879191,0.434378,0.00500375,16211,28920,0.560546,65,52143,26976,1.93294,0,52143,26976,1.93294,0,0,0,0,-nan,0,0,52143,26976,1.93294,0,52139,26710,1.95204,0,52139,26710,1.95204,0,0,0,0,-nan,0,0,52139,26710,1.95204,0,49961,26856,1.86033,0,49961,26856,1.86033,0,0,0,0,-nan,0,0,49961,26856,1.86033,0,52226,26909,1.94084,0,52226,26909,1.94084,0,0,0,0,-nan,0,0,52226,26909,1.94084,0,49827,26505,1.87991,0,16269,28600,0.568846,30,16211,28988,0.559231,60,16211,28988,0.559231,192901,44,65,
/home/andy/Desktop/Curtin/IRPLR/IRPLR/Data/mvirp/Big_Instances/Istanze0105/abs8n100_4.dat,6,101,4,48275,28250,1.70885,0,48275,28250,1.70885,0,16,16,8,0.0194848,0.100959,0.00475105,18174,30363,0.598557,65,48380,28295,1.70984,0,48380,28295,1.70984,0,0,0,0,-nan,0,0,48380,28295,1.70984,0,47942,27841,1.72199,0,47942,27841,1.72199,0,0,0,0,-nan,0,0,47942,27841,1.72199,0,47183,28037,1.68288,0,47183,28037,1.68288,0,0,0,0,-nan,0,0,47183,28037,1.68288,0,47184,26985,1.74853,0,47184,26985,1.74853,0,0,0,0,-nan,0,0,47184,26985,1.74853,0,47738,28250,1.68984,0,18306,30425,0.601676,30,18174,30363,0.598557,60,18174,30363,0.598557,193014,46,65,
/home/andy/Desktop/Curtin/IRPLR/IRPLR/Data/mvirp/Big_Instances/Istanze0105/abs9n100_4.dat,6,101,4,52537,28906,1.81751,0,52537,28906,1.81751,0,11,10,5,0.0500783,0.250002,0.018577,18925,30719,0.616068,65,53686,28341,1.89429,0,53686,28341,1.89429,0,0,0,0,-nan,0,0,53686,28341,1.89429,0,53022,28257,1.87642,0,53022,28257,1.87642,0,0,0,0,-nan,0,0,53022,28257,1.87642,0,54646,28417,1.923,0,54646,28417,1.923,0,0,0,0,-nan,0,0,54646,28417,1.923,0,50807,27799,1.82766,0,50807,27799,1.82766,0,0,0,0,-nan,0,0,50807,27799,1.82766,0,51745,28906,1.79011,0,18913,30719,0.615678,30,18913,30719,0.615678,60,18913,30719,0.615678,193127,20,65,
/home/andy/Desktop/Curtin/IRPLR/IRPLR/Data/mvirp/Big_Instances/Istanze0105/abs10n100_4.dat,6,101,4,48406,27583,1.75492,0,48406,27583,1.75492,0,13,13,7,0.0487898,0.170584,0.0301609,15288,28829,0.530299,65,48869,27348,1.78693,0,48869,27348,1.78693,0,0,0,0,-nan,0,0,48869,27348,1.78693,0,47434,27713,1.71162,0,47434,27713,1.71162,0,0,0,0,-nan,0,0,47434,27713,1.71162,0,48144,27454,1.75362,0,48144,27454,1.75362,0,0,0,0,-nan,0,0,48144,27454,1.75362,0,49294,27246,1.80922,0,49294,27246,1.80922,0,0,0,0,-nan,0,0,49294,27246,1.80922,0,47935,27583,1.73785,0,16434,29840,0.550737,30,15288,28829,0.530299,60,15288,28829,0.530299,193248,55,65,
/home/andy/Desktop/Curtin/IRPLR/IRPLR/Data/mvirp/Big_Instances/Istanze0105/abs1n200_4.dat,6,201,4,77868,58177,1.33847,0,77868,58177,1.33847,0,12,12,7,0.0189377,0.0761273,0.00443833,21945,63385,0.346218,65,75504,57763,1.30713,0,75504,57763,1.30713,0,0,0,0,-nan,0,0,75504,57763,1.30713,0,76074,58390,1.30286,0,76074,58390,1.30286,0,0,0,0,-nan,0,0,76074,58390,1.30286,0,75015,58809,1.27557,0,75015,58809,1.27557,0,0,0,0,-nan,0,0,75015,58809,1.27557,0,80498,56754,1.41837,0,80498,56754,1.41837,0,0,0,0,-nan,0,0,80498,56754,1.41837,0,77292,58177,1.32857,0,25056,63563,0.394192,30,21945,63388,0.346201,60,21945,63388,0.346201,193265,58,65,
/home/andy/Desktop/Curtin/IRPLR/IRPLR/Data/mvirp/Big_Instances/Istanze0105/abs2n200_4.dat,6,201,4,76689,58082,1.32036,0,76689,58082,1.32036,0,6,6,3,0.0200651,0.0554853,0.0297341,23629,64846,0.364386,65,73953,58312,1.26823,0,73953,58312,1.26823,0,0,0,0,-nan,0,0,73953,58312,1.26823,0,72253,59149,1.22154,0,72253,59149,1.22154,0,0,0,0,-nan,0,0,72253,59149,1.22154,0,70646,59388,1.18957,0,70646,59388,1.18957,0,0,0,0,-nan,0,0,70646,59388,1.18957,0,72779,58884,1.23597,0,72779,58884,1.23597,0,0,0,0,-nan,0,0,72779,58884,1.23597,0,76080,58082,1.30987,0,25573,64121,0.398824,30,23656,64782,0.365163,60,23629,64882,0.364184,193278,63,65,
/home/andy/Desktop/Curtin/IRPLR/IRPLR/Data/mvirp/Big_Instances/Istanze0105/abs3n200_4.dat,6,201,4,75948,54808,1.38571,0,75948,54808,1.38571,0,10,9,3,0.0120293,0.0526441,0.023732,22532,58947,0.382242,65,75348,54320,1.38711,0,75348,54320,1.38711,0,0,0,0,-nan,0,0,75348,54320,1.38711,0,72762,55010,1.3227,0,72762,55010,1.3227,0,0,0,0,-nan,0,0,72762,55010,1.3227,0,75804,55737,1.36003,0,75804,55737,1.36003,0,0,0,0,-nan,0,0,75804,55737,1.36003,0,74948,55181,1.35822,0,74948,55181,1.35822,0,0,0,0,-nan,0,0,74948,55181,1.35822,0,75398,54808,1.37568,0,25155,58879,0.427232,30,22532,58947,0.382242,60,22532,58947,0.382242,193295,40,65,
/home/andy/Desktop/Curtin/IRPLR/IRPLR/Data/mvirp/Big_Instances/Istanze0105/abs4n200_4.dat,6,201,4,78728,57827,1.36144,0,78728,57827,1.36144,0,12,12,10,0.0570427,0.174323,0.00839173,21534,61259,0.351524,65,78016,56981,1.36916,0,78016,56981,1.36916,0,0,0,0,-nan,0,0,78016,56981,1.36916,0,77180,56768,1.35957,0,77180,56768,1.35957,0,0,0,0,-nan,0,0,77180,56768,1.35957,0,79424,57939,1.37082,0,79424,57939,1.37082,0,0,0,0,-nan,0,0,79424,57939,1.37082,0,76717,56696,1.35313,0,76717,56696,1.35313,0,0,0,0,-nan,0,0,76717,56696,1.35313,0,78181,57827,1.35198,0,23647,61065,0.387243,30,21782,60820,0.358139,60,21530,61336,0.351017,193312,60,65,
/home/andy/Desktop/Curtin/IRPLR/IRPLR/Data/mvirp/Big_Instances/Istanze0105/abs5n200_4.dat,6,201,4,78253,57847,1.35276,0,78253,57847,1.35276,0,10,10,2,0.0195546,0.126833,0.0687134,23348,62442,0.373915,65,76465,57842,1.32196,0,76465,57842,1.32196,0,0,0,0,-nan,0,0,76465,57842,1.32196,0,79721,58595,1.36054,0,79721,58595,1.36054,0,0,0,0,-nan,0,0,79721,58595,1.36054,0,75124,58097,1.29308,0,75124,58097,1.29308,0,0,0,0,-nan,0,0,75124,58097,1.29308,0,79203,57429,1.37915,0,79203,57429,1.37915,0,0,0,0,-nan,0,0,79203,57429,1.37915,0,77441,57847,1.33872,0,24296,60362,0.402505,30,23631,62222,0.379785,60,23348,62442,0.373915,193326,65,65,
/home/andy/Desktop/Curtin/IRPLR/IRPLR/Data/mvirp/Big_Instances/Istanze0105/abs6n200_4.dat,6,201,4,78853,58801,1.34101,0,78853,58801,1.34101,0,11,11,6,0.0595802,0.263459,0.0175392,21638,60818,0.355783,65,78155,57660,1.35545,0,78155,57660,1.35545,0,0,0,0,-nan,0,0,78155,57660,1.35545,0,77048,56830,1.35576,0,77048,56830,1.35576,0,0,0,0,-nan,0,0,77048,56830,1.35576,0,76421,58564,1.30491,0,76421,58564,1.30491,0,0,0,0,-nan,0,0,76421,58564,1.30491,0,78006,57954,1.346,0,78006,57954,1.346,0,0,0,0,-nan,0,0,78006,57954,1.346,0,78295,58801,1.33152,0,23309,62182,0.374851,30,21638,60886,0.355385,60,21638,60886,0.355385,193342,58,65,
/home/andy/Desktop/Curtin/IRPLR/IRPLR/Data/mvirp/Big_Instances/Istanze0105/abs7n200_4.dat,6,201,4,79236,51018,1.5531,0,79236,51018,1.5531,0,9,9,8,0.064619,0.188125,0.00361428,22215,53792,0.41298,65,77747,50365,1.54367,0,77747,50365,1.54367,0,0,0,0,-nan,0,0,77747,50365,1.54367,0,77412,50019,1.54765,0,77412,50019,1.54765,0,0,0,0,-nan,0,0,77412,50019,1.54765,0,75691,50937,1.48597,0,75691,50937,1.48597,0,0,0,0,-nan,0,0,75691,50937,1.48597,0,77279,50933,1.51727,0,77279,50933,1.51727,0,0,0,0,-nan,0,0,77279,50933,1.51727,0,78628,51018,1.54118,0,25451,55892,0.45536,30,22215,53792,0.41298,60,22215,53792,0.41298,193359,55,65,
/home/andy/Desktop/Curtin/IRPLR/IRPLR/Data/mvirp/Big_Instances/Istanze0105/abs8n200_4.dat,6,201,4,74690,55506,1.34562,0,74690,55506,1.34562,0,6,6,4,0.0630781,0.209875,0.0135423,21989,58373,0.376698,65,72685,54571,1.33193,0,72685,54571,1.33193,0,0,0,0,-nan,0,0,72685,54571,1.33193,0,73107,54195,1.34896,0,73107,54195,1.34896,0,0,0,0,-nan,0,0,73107,54195,1.34896,0,71348,55213,1.29223,0,71348,55213,1.29223,0,0,0,0,-nan,0,0,71348,55213,1.29223,0,71204,54149,1.31496,0,71204,54149,1.31496,0,0,0,0,-nan,0,0,71204,54149,1.31496,0,74139,55506,1.33569,0,24055,60413,0.398176,30,21953,58400,0.375908,60,21953,58400,0.375908,193373,38,65,
/home/andy/Desktop/Curtin/IRPLR/IRPLR/Data/mvirp/Big_Instances/Istanze0105/abs9n200_4.dat,6,201,4,77048,54943,1.40233,0,77048,54943,1.40233,0,10,10,4,0.0214379,0.0979657,0.00851731,24015,58869,0.40794,65,80839,54477,1.48391,0,80839,54477,1.48391,0,0,0,0,-nan,0,0,80839,54477,1.48391,0,80521,54819,1.46885,0,80521,54819,1.46885,0,0,0,0,-nan,0,0,80521,54819,1.46885,0,77746,55412,1.40305,0,77746,55412,1.40305,0,0,0,0,-nan,0,0,77746,55412,1.40305,0,77042,54725,1.4078,0,77042,54725,1.4078,0,0,0,0,-nan,0,0,77042,54725,1.4078,0,76097,54943,1.38502,0,26451,58704,0.450583,30,24333,58316,0.417261,60,24015,58869,0.40794,193388,65,65,
/home/andy/Desktop/Curtin/IRPLR/IRPLR/Data/mvirp/Big_Instances/Istanze0105/abs10n200_4.dat,6,201,4,76860,56707,1.35539,0,76860,56707,1.35539,0,12,12,8,0.0672527,0.330768,0.0127038,23615,62872,0.375604,65,75621,56762,1.33225,0,75621,56762,1.33225,0,0,0,0,-nan,0,0,75621,56762,1.33225,0,74925,57326,1.307,0,74925,57326,1.307,0,0,0,0,-nan,0,0,74925,57326,1.307,0,72349,57536,1.25746,0,72349,57536,1.25746,0,0,0,0,-nan,0,0,72349,57536,1.25746,0,75906,56124,1.35247,0,75906,56124,1.35247,0,0,0,0,-nan,0,0,75906,56124,1.35247,0,76223,56707,1.34416,0,24815,63094,0.393302,30,23896,63007,0.379259,60,23612,62872,0.375557,193411,62,65,
/home/andy/Desktop/Curtin/IRPLR/IRPLR/Data/mvirp/Big_Instances/Istanze0105/abs1n50_5.dat,6,51,5,34790,13537,2.56999,0,34790,13537,2.56999,0,24,21,4,0.0152301,0.166271,0.00314988,17372,13816,1.25738,41,33800,13034,2.59322,0,33800,13034,2.59322,0,1,0,0,0,0,0,17459,13923,1.25397,24,35292,13050,2.70437,0,35292,13050,2.70437,0,0,0,0,-nan,0,0,35292,13050,2.70437,0,37074,13703,2.70554,0,37074,13703,2.70554,0,0,0,0,-nan,0,0,37074,13703,2.70554,0,37977,13337,2.84749,0,37977,13337,2.84749,0,0,0,0,-nan,0,0,37977,13337,2.84749,0,34210,13537,2.52715,0,17372,13816,1.25738,30,17459,13923,1.25397,60,17459,13923,1.25397,194364,42,65,
/home/andy/Desktop/Curtin/IRPLR/IRPLR/Data/mvirp/Big_Instances/Istanze0105/abs2n50_5.dat,6,51,5,38554,13478,2.86051,0,38554,13478,2.86051,0,19,15,2,0.0138623,0.229513,0.0338707,19447,14602,1.3318,44,37947,13606,2.78899,0,37947,13606,2.78899,0,5,5,3,0.0512482,0.110773,0.0623312,18797,14464,1.29957,21,40294,13158,3.06232,0,40294,13158,3.06232,0,0,0,0,-nan,0,0,40294,13158,3.06232,0,37754,13105,2.88089,0,37754,13105,2.88089,0,0,0,0,-nan,0,0,37754,13105,2.88089,0,40239,13115,3.06817,0,40239,13115,3.06817,0,0,0,0,-nan,0,0,40239,13115,3.06817,0,37814,13478,2.80561,0,19447,14602,1.3318,30,18797,14464,1.29957,60,18797,14464,1.29957,195225,50,65,
/home/andy/Desktop/Curtin/IRPLR/IRPLR/Data/mvirp/Big_Instances/Istanze0105/abs3n50_5.dat,6,51,5,33977,13726,2.47538,0,33977,13726,2.47538,0,20,18,8,0.04895,0.233757,0.011814,15009,13719,1.09403,55,33909,13564,2.49993,0,33909,13564,2.49993,0,7,7,2,0.0453673,0.190761,0.12681,14703,13964,1.05292,10,37340,13447,2.77683,0,37340,13447,2.77683,0,0,0,0,-nan,0,0,37340,13447,2.77683,0,32368,13053,2.47974,0,32368,13053,2.47974,0,0,0,0,-nan,0,0,32368,13053,2.47974,0,35941,13120,2.73941,0,35941,13120,2.73941,0,0,0,0,-nan,0,0,35941,13120,2.73941,0,33242,13726,2.42183,0,15009,13719,1.09403,30,15128,13928,1.08616,60,14703,13964,1.05292,196002,64,65,
/home/andy/Desktop/Curtin/IRPLR/IRPLR/Data/mvirp/Big_Instances/Istanze0105/abs4n50_5.dat,6,51,5,36808,13584,2.70966,0,36808,13584,2.70966,0,17,11,1,0.0372611,0.633439,0.633439,18708,14827,1.26175,40,35651,13552,2.63068,0,35651,13552,2.63068,0,0,0,0,-nan,0,0,18708,14827,1.26175,25,35276,13595,2.59478,0,35276,13595,2.59478,0,0,0,0,-nan,0,0,35276,13595,2.59478,0,36042,13591,2.6519,0,36042,13591,2.6519,0,0,0,0,-nan,0,0,36042,13591,2.6519,0,35804,13552,2.64197,0,35804,13552,2.64197,0,0,0,0,-nan,0,0,35804,13552,2.64197,0,36169,13584,2.66262,0,18711,14832,1.26153,30,18711,14832,1.26153,60,18711,14832,1.26153,196999,13,65,
/home/andy/Desktop/Curtin/IRPLR/IRPLR/Data/mvirp/Big_Instances/Istanze0105/abs5n50_5.dat,6,51,5,33867,13374,2.5323,0,33867,13374,2.5323,0,14,9,5,0.0939088,0.483559,0.0898597,16820,14169,1.1871,44,34753,13612,2.55311,0,34753,13612,2.55311,0,6,6,2,0.0627058,0.362373,0.0138619,16676,14426,1.15597,21,35645,13010,2.73982,0,35645,13010,2.73982,0,0,0,0,-nan,0,0,35645,13010,2.73982,0,33371,13045,2.55814,0,33371,13045,2.55814,0,0,0,0,-nan,0,0,33371,13045,2.55814,0,36078,13305,2.71161,0,36078,13305,2.71161,0,0,0,0,-nan,0,0,36078,13305,2.71161,0,33239,13374,2.48534,0,16820,14169,1.1871,30,16676,14428,1.15581,60,16676,14428,1.15581,197800,53,65,
/home/andy/Desktop/Curtin/IRPLR/IRPLR/Data/mvirp/Big_Instances/Istanze0105/abs6n50_5.dat,6,51,5,34882,15091,2.31144,0,34882,15091,2.31144,0,13,4,1,0.0141645,0.184139,0.184139,17328,15326,1.13063,38,34320,14790,2.32049,0,34320,14790,2.32049,0,12,7,1,0.00563082,0.0675698,0.0675698,16597,15372,1.07969,27,36548,14899,2.45305,0,36548,14899,2.45305,0,0,0,0,-nan,0,0,36548,14899,2.45305,0,35871,14971,2.39603,0,35871,14971,2.39603,0,0,0,0,-nan,0,0,35871,14971,2.39603,0,36810,15450,2.38252,0,36810,15450,2.38252,0,0,0,0,-nan,0,0,36810,15450,2.38252,0,34091,15091,2.25903,0,17328,15326,1.13063,30,16597,15372,1.07969,60,16597,15372,1.07969,198773,52,65,
/home/andy/Desktop/Curtin/IRPLR/IRPLR/Data/mvirp/Big_Instances/Istanze0105/abs7n50_5.dat,6,51,5,36888,13173,2.80027,0,36888,13173,2.80027,0,14,14,2,0.0170977,0.198995,0.0403718,18593,13734,1.35379,51,34803,12789,2.72132,0,34803,12789,2.72132,0,4,4,1,0.0313945,0.125578,0.125578,18619,13979,1.33193,14,36924,12701,2.90717,0,36924,12701,2.90717,0,0,0,0,-nan,0,0,36924,12701,2.90717,0,37829,12830,2.94848,0,37829,12830,2.94848,0,0,0,0,-nan,0,0,37829,12830,2.94848,0,36963,12911,2.86291,0,36963,12911,2.86291,0,0,0,0,-nan,0,0,36963,12911,2.86291,0,36116,13173,2.74167,0,18593,13734,1.35379,30,18794,13987,1.34368,60,18619,13979,1.33193,199493,64,65,
/home/andy/Desktop/Curtin/IRPLR/IRPLR/Data/mvirp/Big_Instances/Istanze0105/abs8n50_5.dat,6,51,5,39790,11230,3.54319,0,39790,11230,3.54319,0,12,9,3,0.0399599,0.348347,0.0635021,20291,11726,1.73043,29,41467,11456,3.61968,0,41467,11456,3.61968,0,0,0,0,-nan,0,0,20469,11761,1.74041,25,40413,11355,3.55905,0,40413,11355,3.55905,0,0,0,0,-nan,0,0,20424,11718,1.74296,11,40600,11378,3.56829,0,40600,11378,3.56829,0,0,0,0,-nan,0,0,40600,11378,3.56829,0,39985,11199,3.57041,0,39985,11199,3.57041,0,0,0,0,-nan,0,0,39985,11199,3.57041,0,38994,11230,3.47231,0,20291,11726,1.73043,30,20291,11726,1.73043,60,20291,11726,1.73043,200699,7,65,
/home/andy/Desktop/Curtin/IRPLR/IRPLR/Data/mvirp/Big_Instances/Istanze0105/abs9n50_5.dat,6,51,5,35277,14020,2.51619,0,35277,14020,2.51619,0,20,17,2,0.00433917,0.0801604,0.00662296,16928,15375,1.10101,38,35762,14257,2.50838,0,35762,14257,2.50838,0,0,0,0,-nan,0,0,16928,15375,1.10101,24,35040,13367,2.62138,0,35040,13367,2.62138,0,0,0,0,-nan,0,0,16964,15363,1.10421,3,35013,13962,2.50774,0,35013,13962,2.50774,0,0,0,0,-nan,0,0,35013,13962,2.50774,0,33937,13558,2.5031,0,33937,13558,2.5031,0,0,0,0,-nan,0,0,33937,13558,2.5031,0,34571,14004,2.46865,0,16928,15375,1.10101,30,16928,15375,1.10101,60,16928,15375,1.10101,201849,14,65,
/home/andy/Desktop/Curtin/IRPLR/IRPLR/Data/mvirp/Big_Instances/Istanze0105/abs10n50_5.dat,6,51,5,34480,13933,2.4747,0,34480,13933,2.4747,0,20,15,8,0.0273784,0.149973,0.00383232,16413,14528,1.12975,38,33643,13990,2.40479,0,33643,13990,2.40479,0,2,0,0,0,0,0,16423,14551,1.12865,27,33880,13465,2.51615,0,33880,13465,2.51615,0,0,0,0,-nan,0,0,33880,13465,2.51615,0,36064,13834,2.60691,0,36064,13834,2.60691,0,0,0,0,-nan,0,0,36064,13834,2.60691,0,38560,13566,2.8424,0,38560,13566,2.8424,0,0,0,0,-nan,0,0,38560,13566,2.8424,0,33987,13933,2.43932,0,16413,14528,1.12975,30,16423,14551,1.12865,60,16423,14551,1.12865,202922,41,65,
/home/andy/Desktop/Curtin/IRPLR/IRPLR/Data/mvirp/Big_Instances/Istanze0105/abs1n100_5.dat,6,101,5,47201,28739,1.6424,0,47201,28739,1.6424,0,17,17,4,0.0273821,0.219021,0.0632573,17551,30170,0.581737,65,52421,27885,1.8799,0,52421,27885,1.8799,0,0,0,0,-nan,0,0,52421,27885,1.8799,0,51368,28472,1.80416,0,51368,28472,1.80416,0,0,0,0,-nan,0,0,51368,28472,1.80416,0,49393,28244,1.7488,0,49393,28244,1.7488,0,0,0,0,-nan,0,0,49393,28244,1.7488,0,49939,28150,1.77403,0,49939,28150,1.77403,0,0,0,0,-nan,0,0,49939,28150,1.77403,0,46802,28739,1.62852,0,17838,30054,0.593532,30,17614,30242,0.582435,60,17551,30170,0.581737,203038,61,65,
/home/andy/Desktop/Curtin/IRPLR/IRPLR/Data/mvirp/Big_Instances/Istanze0105/abs2n100_5.dat,6,101,5,47284,26640,1.77492,0,47284,26640,1.77492,0,20,20,9,0.0509111,0.319943,0.0128355,16784,28787,0.583041,65,51665,26361,1.9599,0,51665,26361,1.9599,0,0,0,0,-nan,0,0,51665,26361,1.9599,0,47200,26862,1.75713,0,47200,26862,1.75713,0,0,0,0,-nan,0,0,47200,26862,1.75713,0,48812,26174,1.8649,0,48812,26174,1.8649,0,0,0,0,-nan,0,0,48812,26174,1.8649,0,49109,26831,1.83031,0,49109,26831,1.83031,0,0,0,0,-nan,0,0,49109,26831,1.83031,0,46719,26640,1.75372,0,17251,28893,0.597065,30,16784,28847,0.581828,60,16784,28847,0.581828,203158,59,65,
/home/andy/Desktop/Curtin/IRPLR/IRPLR/Data/mvirp/Big_Instances/Istanze0105/abs3n100_5.dat,6,101,5,56799,28222,2.01258,0,56799,28222,2.01258,0,19,18,4,0.0227192,0.155234,0.0367496,20062,30384,0.660282,65,55599,28209,1.97097,0,55599,28209,1.97097,0,0,0,0,-nan,0,0,55599,28209,1.97097,0,55249,28163,1.96176,0,55249,28163,1.96176,0,0,0,0,-nan,0,0,55249,28163,1.96176,0,56958,27415,2.07762,0,56958,27415,2.07762,0,0,0,0,-nan,0,0,56958,27415,2.07762,0,53530,27526,1.94471,0,53530,27526,1.94471,0,0,0,0,-nan,0,0,53530,27526,1.94471,0,56122,28222,1.98859,0,20461,30256,0.676263,30,20062,30384,0.660282,60,20062,30384,0.660282,203264,32,65,
/home/andy/Desktop/Curtin/IRPLR/IRPLR/Data/mvirp/Big_Instances/Istanze0105/abs4n100_5.dat,6,101,5,53074,27361,1.93977,0,53074,27361,1.93977,0,26,25,9,0.0217842,0.12995,0.00341986,16084,28447,0.565402,65,52085,26979,1.93058,0,52085,26979,1.93058,0,0,0,0,-nan,0,0,52085,26979,1.93058,0,51295,27214,1.88488,0,51295,27214,1.88488,0,0,0,0,-nan,0,0,51295,27214,1.88488,0,54341,26616,2.04167,0,54341,26616,2.04167,0,0,0,0,-nan,0,0,54341,26616,2.04167,0,54115,26860,2.01471,0,54115,26860,2.01471,0,0,0,0,-nan,0,0,54115,26860,2.01471,0,52371,27361,1.91407,0,16951,28791,0.58876,30,16114,28447,0.566457,60,16084,28447,0.565402,203384,64,65,
/home/andy/Desktop/Curtin/IRPLR/IRPLR/Data/mvirp/Big_Instances/Istanze0105/abs5n100_5.dat,6,101,5,57645,28865,1.99706,0,57645,28865,1.99706,0,18,16,8,0.0519257,0.358065,0.00641499,17194,31026,0.55418,65,56854,29086,1.95469,0,56854,29086,1.95469,0,0,0,0,-nan,0,0,56854,29086,1.95469,0,60336,29426,2.05043,0,60336,29426,2.05043,0,0,0,0,-nan,0,0,60336,29426,2.05043,0,56975,28377,2.00779,0,56975,28377,2.00779,0,0,0,0,-nan,0,0,56975,28377,2.00779,0,56546,29479,1.91818,0,56546,29479,1.91818,0,0,0,0,-nan,0,0,56546,29479,1.91818,0,56788,28865,1.96737,0,17191,31000,0.554548,30,17191,31000,0.554548,60,17194,31026,0.55418,203502,63,65,
/home/andy/Desktop/Curtin/IRPLR/IRPLR/Data/mvirp/Big_Instances/Istanze0105/abs6n100_5.dat,6,101,5,52128,27565,1.89109,0,52128,27565,1.89109,0,21,20,7,0.0358768,0.443304,0.00191916,21048,29825,0.705717,65,56069,27075,2.07088,0,56069,27075,2.07088,0,0,0,0,-nan,0,0,56069,27075,2.07088,0,53615,27529,1.94758,0,53615,27529,1.94758,0,0,0,0,-nan,0,0,53615,27529,1.94758,0,56039,27538,2.03497,0,56039,27538,2.03497,0,0,0,0,-nan,0,0,56039,27538,2.03497,0,51265,27227,1.88287,0,51265,27227,1.88287,0,0,0,0,-nan,0,0,51265,27227,1.88287,0,51394,27565,1.86447,0,21212,29631,0.715872,30,21048,29825,0.705717,60,21048,29825,0.705717,203619,56,65,
/home/andy/Desktop/Curtin/IRPLR/IRPLR/Data/mvirp/Big_Instances/Istanze0105/abs7n100_5.dat,6,101,5,50743,26505,1.91447,0,50743,26505,1.91447,0,21,21,6,0.0170755,0.151043,0.0124848,19311,29664,0.650991,65,54142,26976,2.00704,0,54142,26976,2.00704,0,0,0,0,-nan,0,0,54142,26976,2.00704,0,53257,26584,2.00335,0,53257,26584,2.00335,0,0,0,0,-nan,0,0,53257,26584,2.00335,0,53283,26856,1.98403,0,53283,26856,1.98403,0,0,0,0,-nan,0,0,53283,26856,1.98403,0,54742,26909,2.03434,0,54742,26909,2.03434,0,0,0,0,-nan,0,0,54742,26909,2.03434,0,50250,26505,1.89587,0,19304,29043,0.66467,30,19153,29421,0.650998,60,19153,29421,0.650998,203758,59,65,
/home/andy/Desktop/Curtin/IRPLR/IRPLR/Data/mvirp/Big_Instances/Istanze0105/abs8n100_5.dat,6,101,5,49584,28250,1.75519,0,49584,28250,1.75519,0,19,19,6,0.0490586,0.364581,0.00467683,20697,30646,0.675357,65,49330,28295,1.74342,0,49330,28295,1.74342,0,0,0,0,-nan,0,0,49330,28295,1.74342,0,50989,27841,1.83144,0,50989,27841,1.83144,0,0,0,0,-nan,0,0,50989,27841,1.83144,0,51847,28037,1.84923,0,51847,28037,1.84923,0,0,0,0,-nan,0,0,51847,28037,1.84923,0,49460,26985,1.83287,0,49460,26985,1.83287,0,0,0,0,-nan,0,0,49460,26985,1.83287,0,49047,28250,1.73618,0,21019,30200,0.695993,30,20843,30818,0.676326,60,20697,30646,0.675357,203866,60,65,
/home/andy/Desktop/Curtin/IRPLR/IRPLR/Data/mvirp/Big_Instances/Istanze0105/abs9n100_5.dat,6,101,5,55059,28906,1.90476,0,55059,28906,1.90476,0,17,16,4,0.0420156,0.285776,0.079442,21529,30982,0.694887,65,55904,28341,1.97255,0,55904,28341,1.97255,0,0,0,0,-nan,0,0,55904,28341,1.97255,0,56962,28257,2.01585,0,56962,28257,2.01585,0,0,0,0,-nan,0,0,56962,28257,2.01585,0,55220,28417,1.9432,0,55220,28417,1.9432,0,0,0,0,-nan,0,0,55220,28417,1.9432,0,54068,27799,1.94496,0,54068,27799,1.94496,0,0,0,0,-nan,0,0,54068,27799,1.94496,0,54391,28906,1.88165,0,22806,31378,0.726815,30,21529,30982,0.694887,60,21529,30982,0.694887,203970,42,65,
/home/andy/Desktop/Curtin/IRPLR/IRPLR/Data/mvirp/Big_Instances/Istanze0105/abs10n100_5.dat,6,101,5,50181,27583,1.81927,0,50181,27583,1.81927,0,15,15,6,0.0428299,0.252827,0.0357015,16756,30040,0.55779,65,51431,27348,1.88061,0,51431,27348,1.88061,0,0,0,0,-nan,0,0,51431,27348,1.88061,0,50503,27713,1.82236,0,50503,27713,1.82236,0,0,0,0,-nan,0,0,50503,27713,1.82236,0,50765,27454,1.84909,0,50765,27454,1.84909,0,0,0,0,-nan,0,0,50765,27454,1.84909,0,51061,27246,1.87407,0,51061,27246,1.87407,0,0,0,0,-nan,0,0,51061,27246,1.87407,0,49664,27583,1.80053,0,17656,31045,0.568723,30,16751,30066,0.557141,60,16751,30066,0.557141,204094,42,65,
/home/andy/Desktop/Curtin/IRPLR/IRPLR/Data/mvirp/Big_Instances/Istanze0105/abs1n200_5.dat,6,201,5,80447,58177,1.3828,0,80447,58177,1.3828,0,12,12,7,0.0446256,0.140164,0.0220942,22842,64302,0.35523,65,77537,57763,1.34233,0,77537,57763,1.34233,0,0,0,0,-nan,0,0,77537,57763,1.34233,0,77265,58390,1.32326,0,77265,58390,1.32326,0,0,0,0,-nan,0,0,77265,58390,1.32326,0,76037,58809,1.29295,0,76037,58809,1.29295,0,0,0,0,-nan,0,0,76037,58809,1.29295,0,80700,56754,1.42193,0,80700,56754,1.42193,0,0,0,0,-nan,0,0,80700,56754,1.42193,0,79833,58177,1.37224,0,25596,61965,0.413072,30,23294,63365,0.367616,60,22842,64302,0.35523,204114,64,65,
/home/andy/Desktop/Curtin/IRPLR/IRPLR/Data/mvirp/Big_Instances/Istanze0105/abs2n200_5.dat,6,201,5,77898,58082,1.34117,0,77898,58082,1.34117,0,14,14,10,0.0390048,0.149402,0.00395101,24226,66943,0.36189,65,76038,58312,1.30399,0,76038,58312,1.30399,0,0,0,0,-nan,0,0,76038,58312,1.30399,0,74791,59149,1.26445,0,74791,59149,1.26445,0,0,0,0,-nan,0,0,74791,59149,1.26445,0,74118,59388,1.24803,0,74118,59388,1.24803,0,0,0,0,-nan,0,0,74118,59388,1.24803,0,75006,58884,1.27379,0,75006,58884,1.27379,0,0,0,0,-nan,0,0,75006,58884,1.27379,0,77345,58082,1.33165,0,26996,64163,0.420741,30,24717,67106,0.368328,60,24226,66943,0.36189,204132,60,65,
/home/andy/Desktop/Curtin/IRPLR/IRPLR/Data/mvirp/Big_Instances/Istanze0105/abs3n200_5.dat,6,201,5,77163,54808,1.40788,0,77163,54808,1.40788,0,10,9,4,0.00631456,0.0279075,0.00340284,26273,59879,0.438768,65,76457,54320,1.40753,0,76457,54320,1.40753,0,0,0,0,-nan,0,0,76457,54320,1.40753,0,76576,55010,1.39204,0,76576,55010,1.39204,0,0,0,0,-nan,0,0,76576,55010,1.39204,0,77626,55737,1.39272,0,77626,55737,1.39272,0,0,0,0,-nan,0,0,77626,55737,1.39272,0,75662,55181,1.37116,0,75662,55181,1.37116,0,0,0,0,-nan,0,0,75662,55181,1.37116,0,76540,54808,1.39651,0,28337,58305,0.486013,30,26273,59879,0.438768,60,26273,59879,0.438768,204147,47,65,
/home/andy/Desktop/Curtin/IRPLR/IRPLR/Data/mvirp/Big_Instances/Istanze0105/abs4n200_5.dat,6,201,5,81143,57827,1.4032,0,81143,57827,1.4032,0,13,13,9,0.0509533,0.189832,0.017423,22432,63392,0.353862,65,79781,56981,1.40013,0,79781,56981,1.40013,0,0,0,0,-nan,0,0,79781,56981,1.40013,0,81503,56768,1.43572,0,81503,56768,1.43572,0,0,0,0,-nan,0,0,81503,56768,1.43572,0,81088,57939,1.39954,0,81088,57939,1.39954,0,0,0,0,-nan,0,0,81088,57939,1.39954,0,79210,56696,1.3971,0,79210,56696,1.3971,0,0,0,0,-nan,0,0,79210,56696,1.3971,0,80550,57827,1.39295,0,25703,63389,0.40548,30,22382,63371,0.35319,60,22382,63371,0.35319,204164,59,65,
/home/andy/Desktop/Curtin/IRPLR/IRPLR/Data/mvirp/Big_Instances/Istanze0105/abs5n200_5.dat,6,201,5,79970,57847,1.38244,0,79970,57847,1.38244,0,9,9,5,0.0383062,0.163543,0.0053038,25242,63359,0.398396,65,79664,57842,1.37727,0,79664,57842,1.37727,0,0,0,0,-nan,0,0,79664,57842,1.37727,0,80499,58595,1.37382,0,80499,58595,1.37382,0,0,0,0,-nan,0,0,80499,58595,1.37382,0,77180,58097,1.32847,0,77180,58097,1.32847,0,0,0,0,-nan,0,0,77180,58097,1.32847,0,79257,57429,1.38009,0,79257,57429,1.38009,0,0,0,0,-nan,0,0,79257,57429,1.38009,0,79355,57847,1.37181,0,28252,63534,0.444675,30,25242,63359,0.398396,60,25242,63359,0.398396,204177,50,65,
/home/andy/Desktop/Curtin/IRPLR/IRPLR/Data/mvirp/Big_Instances/Istanze0105/abs6n200_5.dat,6,201,5,80520,58801,1.36936,0,80520,58801,1.36936,0,7,7,0,0,0,0,26153,65854,0.397136,65,81821,57660,1.41903,0,81821,57660,1.41903,0,0,0,0,-nan,0,0,81821,57660,1.41903,0,79988,56830,1.4075,0,79988,56830,1.4075,0,0,0,0,-nan,0,0,79988,56830,1.4075,0,80150,58564,1.36859,0,80150,58564,1.36859,0,0,0,0,-nan,0,0,80150,58564,1.36859,0,81054,57954,1.39859,0,81054,57954,1.39859,0,0,0,0,-nan,0,0,81054,57954,1.39859,0,79919,58801,1.35914,0,27301,64532,0.423061,30,26153,65854,0.397136,60,26153,65854,0.397136,204191,52,65,
/home/andy/Desktop/Curtin/IRPLR/IRPLR/Data/mvirp/Big_Instances/Istanze0105/abs7n200_5.dat,6,201,5,79626,51018,1.56074,0,79626,51018,1.56074,0,8,8,6,0.0848335,0.222362,0.0089572,25366,55680,0.455568,65,79753,50365,1.5835,0,79753,50365,1.5835,0,0,0,0,-nan,0,0,79753,50365,1.5835,0,80989,50019,1.61916,0,80989,50019,1.61916,0,0,0,0,-nan,0,0,80989,50019,1.61916,0,77534,50937,1.52215,0,77534,50937,1.52215,0,0,0,0,-nan,0,0,77534,50937,1.52215,0,79498,50933,1.56083,0,79498,50933,1.56083,0,0,0,0,-nan,0,0,79498,50933,1.56083,0,79001,51018,1.54849,0,26486,55731,0.475247,30,25735,55366,0.464816,60,25366,55680,0.455568,204204,61,65,
/home/andy/Desktop/Curtin/IRPLR/IRPLR/Data/mvirp/Big_Instances/Istanze0105/abs8n200_5.dat,6,201,5,77636,55506,1.3987,0,77636,55506,1.3987,0,12,12,4,0.0211137,0.201404,0.0037081,22361,56432,0.396247,65,74743,54571,1.36965,0,74743,54571,1.36965,0,0,0,0,-nan,0,0,74743,54571,1.36965,0,76248,54195,1.40692,0,76248,54195,1.40692,0,0,0,0,-nan,0,0,76248,54195,1.40692,0,72881,55213,1.32,0,72881,55213,1.32,0,0,0,0,-nan,0,0,72881,55213,1.32,0,73535,54149,1.35801,0,73535,54149,1.35801,0,0,0,0,-nan,0,0,73535,54149,1.35801,0,76740,55506,1.38255,0,25980,58297,0.445649,30,22361,56432,0.396247,60,22361,56432,0.396247,204222,58,65,
/home/andy/Desktop/Curtin/IRPLR/IRPLR/Data/mvirp/Big_Instances/Istanze0105/abs9n200_5.dat,6,201,5,79914,54943,1.45449,0,79914,54943,1.45449,0,7,7,3,0.0535423,0.146724,0.107689,26203,60553,0.432728,65,84049,54477,1.54283,0,84049,54477,1.54283,0,0,0,0,-nan,0,0,84049,54477,1.54283,0,83860,54819,1.52976,0,83860,54819,1.52976,0,0,0,0,-nan,0,0,83860,54819,1.52976,0,80352,55412,1.45008,0,80352,55412,1.45008,0,0,0,0,-nan,0,0,80352,55412,1.45008,0,79909,54725,1.46019,0,79909,54725,1.46019,0,0,0,0,-nan,0,0,79909,54725,1.46019,0,79245,54943,1.44231,0,26703,58586,0.455791,30,26324,60714,0.433574,60,26203,60553,0.432728,204236,62,65,
/home/andy/Desktop/Curtin/IRPLR/IRPLR/Data/mvirp/Big_Instances/Istanze0105/abs10n200_5.dat,6,201,5,79409,56707,1.40034,0,79409,56707,1.40034,0,9,8,3,0.0228743,0.117542,0.0424604,25197,62665,0.40209,65,78786,56762,1.38801,0,78786,56762,1.38801,0,0,0,0,-nan,0,0,78786,56762,1.38801,0,77153,57326,1.34586,0,77153,57326,1.34586,0,0,0,0,-nan,0,0,77153,57326,1.34586,0,76518,57536,1.32992,0,76518,57536,1.32992,0,0,0,0,-nan,0,0,76518,57536,1.32992,0,77371,56124,1.37857,0,77371,56124,1.37857,0,0,0,0,-nan,0,0,77371,56124,1.37857,0,78852,56707,1.39052,0,28835,62120,0.464182,30,25405,61334,0.414207,60,25197,62665,0.40209,204247,65,65,
