,#TimePeriods,#Customer,#Vehicle,Cost,Quantity,LogisticRatio,T_InitialSchedule,CostAfterHGS,Quantity,LogisticRatio,T_InitialSolution,NumberOfRebalance,NumberOfRebalanceImproved,RebalanceAveragePercentageImprovement,BestCost,BestQuantity,BestLogisticRatio,T_To_Best,T_Total
/home/andy/Desktop/Curtin/IRPLR/IRPLR/Data/mvirp/Big_Instances/Istanze0105/abs1n50_2.dat,6,51,2,29317.7,13537,2.16574,0,14537.2,13537,1.07389,11,12,0,0,11510.6,16060,0.716724,10,29454.8,13034,2.25984,0,13780.2,13034,1.05725,10,8,0,0,11997.8,17215,0.696939,10,29777.2,13050,2.28177,0,14049,13050,1.07655,10,5,0,0,11091.3,15645,0.708936,8,30675.9,13703,2.23863,0,14868.9,13703,1.08509,11,5,0,0,11200.3,16028,0.698796,10,30655.9,13337,2.29856,0,14109,13337,1.05788,10,6,0,0,12012.7,17304,0.694212,13,12012.7,17304,0.694212,103,103,
/home/andy/Desktop/Curtin/IRPLR/IRPLR/Data/mvirp/Big_Instances/Istanze0105/abs2n50_2.dat,6,51,2,31789.3,13478,2.3586,0,14782.6,13478,1.0968,13,11,0,0,13525.9,16741,0.807948,13,33179.8,13606,2.43862,0,15153.2,13606,1.11371,12,12,0,0,11558.2,14960,0.772604,11,34824.9,13158,2.64667,0,15086,13158,1.14652,13,5,0,0,12157.1,15154,0.802237,11,33048.5,13105,2.52183,0,14133.1,13105,1.07845,12,5,0,0,11936.7,15177,0.786497,12,34659.6,13115,2.64275,0,15064.3,13115,1.14863,12,5,0,0,10901.6,14014,0.777906,12,11558.2,14960,0.772604,49,121,
/home/andy/Desktop/Curtin/IRPLR/IRPLR/Data/mvirp/Big_Instances/Istanze0105/abs3n50_2.dat,6,51,2,29619.4,13726,2.1579,0,14213.9,13726,1.03555,14,15,0,0,10654.2,16962,0.628122,14,29324.3,13564,2.16192,0,13781.7,13564,1.01605,13,6,0,0,10603.9,16906,0.627228,12,32013.5,13447,2.38072,0,14648.4,13447,1.08934,13,6,0,0,10593.1,16920,0.62607,11,28126.2,13053,2.15477,0,13493.7,13053,1.03376,13,5,0,0,10820.6,17040,0.635009,11,31058.6,13120,2.36727,0,13856.6,13120,1.05614,14,7,0,0,10593.1,16954,0.624815,11,10593.1,16954,0.624815,115,126,
/home/andy/Desktop/Curtin/IRPLR/IRPLR/Data/mvirp/Big_Instances/Istanze0105/abs4n50_2.dat,6,51,2,31119.5,13584,2.29089,0,14186.6,13584,1.04436,11,17,0,0,11899.3,16577,0.717822,12,31760.2,13552,2.34358,0,14153,13552,1.04435,12,5,0,0,12693.2,17423,0.728532,11,30588.4,13595,2.24998,0,14040.1,13595,1.03274,11,5,0,0,11964.9,16831,0.710888,11,32100.6,13591,2.3619,0,14386.9,13591,1.05856,12,8,0,0,11818.3,16690,0.708109,11,30985.3,13552,2.2864,0,14589,13552,1.07652,11,5,0,0,11948.4,16874,0.708098,11,11948.4,16874,0.708098,113,113,
/home/andy/Desktop/Curtin/IRPLR/IRPLR/Data/mvirp/Big_Instances/Istanze0105/abs5n50_2.dat,6,51,2,28892.2,13374,2.16032,0,13620.7,13374,1.01844,12,14,0,0,11083.7,15994,0.692994,14,31042,13612,2.28049,0,14161.9,13612,1.0404,12,5,0,0,11094.1,15947,0.695684,12,32330.2,13010,2.48503,0,14076.6,13010,1.08198,13,5,0,0,10632.2,15099,0.704165,11,28373.5,13045,2.17505,0,13786.7,13045,1.05685,13,5,0,0,11098.6,16021,0.692756,11,30495,13305,2.292,0,14098.4,13305,1.05963,14,5,0,0,11098.6,16021,0.692756,11,11098.6,16021,0.692756,98,123,
/home/andy/Desktop/Curtin/IRPLR/IRPLR/Data/mvirp/Big_Instances/Istanze0105/abs6n50_2.dat,6,51,2,29258.1,15091,1.93878,0,13522.5,15091,0.896062,12,8,0,0,12259.8,18342,0.668402,12,28941.7,14790,1.95684,0,13578.9,14790,0.918117,10,8,0,0,12210.6,18366,0.664845,12,30604.6,14899,2.05414,0,13829.5,14899,0.928215,10,11,0,0,11828.1,18397,0.642934,11,30937.6,14971,2.0665,0,14006,14971,0.93554,11,5,0,0,11828.1,18448,0.641156,10,29928.3,15450,1.93711,0,14270.6,15450,0.923666,13,10,0,0,10321.9,16947,0.60907,11,10321.9,16947,0.60907,112,112,
/home/andy/Desktop/Curtin/IRPLR/IRPLR/Data/mvirp/Big_Instances/Istanze0105/abs7n50_2.dat,6,51,2,31100.8,13173,2.36095,0,14580,13173,1.10681,12,10,0,0,12417.2,16337,0.760063,11,29485.9,12789,2.30557,0,13960.9,12789,1.09163,12,5,0,0,12538.6,16354,0.766701,10,32507.1,12701,2.55942,0,14665.5,12701,1.15467,14,5,0,0,12417.2,16337,0.760063,11,31958,12830,2.49088,0,14130.4,12830,1.10136,13,5,0,0,12538.6,16354,0.766701,11,31379,13003,2.41321,0,13253.6,13003,1.01927,11,5,0,0,12928.2,16576,0.779938,11,12417.2,16337,0.760063,23,116,
/home/andy/Desktop/Curtin/IRPLR/IRPLR/Data/mvirp/Big_Instances/Istanze0105/abs8n50_2.dat,6,51,2,33258.4,11230,2.96157,0,15406.7,11230,1.37192,12,12,0,0,13135.6,13734,0.95643,13,32986.4,11456,2.8794,0,14947.2,11456,1.30475,11,8,0,0,13098.5,13785,0.950199,12,33446.1,11355,2.9455,0,15331.3,11355,1.35018,12,5,0,0,13077.9,13768,0.949876,12,33885.7,11378,2.97818,0,15085.7,11378,1.32587,12,5,0,0,13223.5,13670,0.967339,10,33761.7,11199,3.01471,0,15091.5,11199,1.34757,13,5,0,0,13223.5,13670,0.967339,11,13077.9,13768,0.949876,60,118,
/home/andy/Desktop/Curtin/IRPLR/IRPLR/Data/mvirp/Big_Instances/Istanze0105/abs9n50_2.dat,6,51,2,30970,14020,2.20899,0,13885.3,14020,0.990393,12,20,0,0,11913.8,17414,0.68415,13,31881.2,14257,2.23618,0,13597.4,14257,0.953737,10,13,0,0,10822.5,16343,0.662211,12,29754,13367,2.22593,0,13972.5,13367,1.0453,13,8,0,0,10764.4,16343,0.658658,11,31520.1,13962,2.25756,0,13645.3,13962,0.977315,12,5,0,0,10764.4,16359,0.658014,11,30144.6,13558,2.22338,0,14166.9,13558,1.04491,13,5,0,0,10718.7,16197,0.661769,10,10764.4,16359,0.658014,94,117,
/home/andy/Desktop/Curtin/IRPLR/IRPLR/Data/mvirp/Big_Instances/Istanze0105/abs10n50_2.dat,6,51,2,30484.7,13933,2.18795,0,13841.9,13933,0.993463,11,23,0,0,10060.1,15472,0.650214,12,29710.9,13990,2.12373,0,13458.2,13990,0.961989,10,5,0,0,10060.1,15472,0.650214,9,31025.5,13465,2.30416,0,13893.6,13465,1.03183,11,5,0,0,10192.7,15654,0.651122,9,28807.2,13834,2.08235,0,13605.1,13834,0.983452,10,5,0,0,10262.4,15829,0.64833,9,31733.1,13566,2.33916,0,13466.6,13566,0.992673,12,9,0,0,10161.2,15764,0.644585,10,10161.2,15764,0.644585,94,103,
/home/andy/Desktop/Curtin/IRPLR/IRPLR/Data/mvirp/Big_Instances/Istanze0105/abs1n100_2.dat,6,101,2,44010.7,28739,1.53139,0,17443,28739,0.606944,24,13,0,0,13063.1,31068,0.420468,37,47311.4,27885,1.69666,0,17965.1,27885,0.644257,24,5,0,0,13269,32143,0.412812,31,45506.9,28472,1.5983,0,17794.7,28472,0.624988,24,13,0,0,12591.9,31576,0.398781,46,45652.6,28244,1.61637,0,17294.4,28244,0.61232,25,5,0,0,12526.1,31734,0.394721,30,45475.7,28150,1.61548,0,17932.7,28150,0.637042,23,5,0,0,12526.1,31815,0.393716,31,12526.1,31815,0.393716,267,295,
/home/andy/Desktop/Curtin/IRPLR/IRPLR/Data/mvirp/Big_Instances/Istanze0105/abs2n100_2.dat,6,101,2,43985.8,26640,1.65112,0,17301.6,26640,0.649459,22,25,0,0,13723.8,33567,0.408847,65,47997,26361,1.82076,0,17680.7,26361,0.670713,22,5,0,0,13723.8,33620,0.408203,31,44079.8,26862,1.64097,0,17613.8,26862,0.655715,25,5,0,0,13344,33618,0.39693,29,44046.3,26174,1.68282,0,17413.1,26174,0.665281,23,6,0,0,12245.7,31122,0.393475,22,44234.6,26831,1.64864,0,17682.6,26831,0.659038,24,5,0,0,12196.5,31101,0.392159,23,12196.5,31101,0.392159,286,286,
/home/andy/Desktop/Curtin/IRPLR/IRPLR/Data/mvirp/Big_Instances/Istanze0105/abs3n100_2.dat,6,101,2,50974.9,28222,1.80621,0,18661,28222,0.661223,25,12,0,0,15813.2,35910,0.440356,37,51126.8,28209,1.81243,0,18791.1,28209,0.66614,25,6,0,0,15571.2,36027,0.43221,32,50082.9,28163,1.77832,0,18280.6,28163,0.649098,23,5,0,0,15413.6,35736,0.431318,30,51395.2,27415,1.87471,0,18155.3,27415,0.662241,24,13,0,0,13997.1,32791,0.426858,38,49007.2,27526,1.7804,0,17980.8,27526,0.653228,24,7,0,0,13786.2,33227,0.414911,30,13786.2,33227,0.414911,288,288,
/home/andy/Desktop/Curtin/IRPLR/IRPLR/Data/mvirp/Big_Instances/Istanze0105/abs4n100_2.dat,6,101,2,49162.5,27361,1.79681,0,17436.5,27361,0.637275,22,6,0,0,14570.9,34533,0.42194,30,50197.9,26979,1.86063,0,17038.2,26979,0.631535,23,5,0,0,13411.9,31508,0.425666,24,49028.4,27214,1.80159,0,17295.5,27214,0.635538,24,5,0,0,14703.8,34628,0.424622,28,49290.6,26616,1.85192,0,16882.8,26616,0.63431,22,5,0,0,13415.2,31508,0.425771,25,51217.1,26860,1.90682,0,17223.5,26860,0.641233,21,8,0,0,14488.6,34523,0.419679,30,14488.6,34523,0.419679,249,249,
/home/andy/Desktop/Curtin/IRPLR/IRPLR/Data/mvirp/Big_Instances/Istanze0105/abs5n100_2.dat,6,101,2,53892.8,28865,1.86706,0,17279.3,28865,0.598625,20,7,0,0,14559.4,35430,0.410935,32,54408.5,29086,1.87061,0,17550.6,29086,0.603405,23,10,0,0,13878.6,35734,0.388387,33,54935.6,29426,1.86691,0,17680.4,29426,0.600842,24,5,0,0,13972.6,37018,0.377454,27,55217.2,28377,1.94584,0,17546.7,28377,0.618341,22,6,0,0,13733.6,37408,0.367131,29,53172.9,29479,1.80375,0,17733.1,29479,0.601549,23,5,0,0,12769.9,33883,0.376883,27,13733.6,37408,0.367131,210,260,
/home/andy/Desktop/Curtin/IRPLR/IRPLR/Data/mvirp/Big_Instances/Istanze0105/abs6n100_2.dat,6,101,2,48260.5,27565,1.75079,0,18432,27565,0.668675,25,13,0,0,14230.6,32562,0.437032,41,49311.2,27075,1.82128,0,18339.6,27075,0.677364,24,5,0,0,13887.2,32383,0.428842,26,47781.4,27529,1.73567,0,18445.9,27529,0.670052,26,8,0,0,13782.7,32422,0.425103,33,48729,27538,1.76952,0,18539,27538,0.673215,25,9,0,0,13780.2,32422,0.425026,30,46889.8,27227,1.72218,0,17765.9,27227,0.652511,26,5,0,0,14260,32970,0.432514,27,13780.2,32422,0.425026,230,283,
/home/andy/Desktop/Curtin/IRPLR/IRPLR/Data/mvirp/Big_Instances/Istanze0105/abs7n100_2.dat,6,101,2,47514.1,26505,1.79265,0,18030,26505,0.680247,22,13,0,0,12533.5,29627,0.423042,33,48945.9,26976,1.81442,0,18118.6,26976,0.671655,22,5,0,0,13003.6,30405,0.42768,28,48448,26710,1.81385,0,18107.9,26710,0.677944,22,9,0,0,12559.2,29751,0.422144,31,48905.2,26856,1.82102,0,18193.9,26856,0.677463,23,5,0,0,12657,29700,0.426162,23,49180.8,26909,1.82767,0,18185.9,26909,0.675828,23,5,0,0,12657,29700,0.426162,25,12559.2,29751,0.422144,134,252,
/home/andy/Desktop/Curtin/IRPLR/IRPLR/Data/mvirp/Big_Instances/Istanze0105/abs8n100_2.dat,6,101,2,44853.8,28250,1.58775,0,18217,28250,0.644851,28,6,0,0,15596.6,34942,0.446356,35,45106,28295,1.59413,0,18211.4,28295,0.643626,28,12,0,0,14680.2,34522,0.425243,39,44325.9,27841,1.59211,0,17895.3,27841,0.64277,25,5,0,0,15224.5,35532,0.428473,35,44049,28037,1.5711,0,18132.9,28037,0.64675,24,5,0,0,13685.3,32322,0.423406,32,43627.7,26985,1.61674,0,17467.4,26985,0.6473,25,5,0,0,13685.3,32343,0.423131,29,13685.3,32343,0.423131,273,300,
/home/andy/Desktop/Curtin/IRPLR/IRPLR/Data/mvirp/Big_Instances/Istanze0105/abs9n100_2.dat,6,101,2,48746.8,28906,1.68639,0,18604.3,28906,0.643615,24,13,0,0,15301.1,35989,0.425159,39,49121.8,28341,1.73324,0,18193.7,28341,0.641957,22,12,0,0,13960.4,34359,0.406309,39,49084.3,28257,1.73707,0,18850.5,28257,0.66711,26,5,0,0,14113.6,34650,0.40732,29,50102.3,28417,1.76311,0,18839.8,28417,0.662975,26,5,0,0,14016.5,34301,0.408632,28,47888.8,27799,1.72268,0,18354.1,27799,0.660244,23,5,0,0,14016.5,34301,0.408632,26,13960.4,34359,0.406309,124,282,
/home/andy/Desktop/Curtin/IRPLR/IRPLR/Data/mvirp/Big_Instances/Istanze0105/abs10n100_2.dat,6,101,2,45888.1,27583,1.66364,0,17718.2,27583,0.64236,21,6,0,0,13905.4,33885,0.41037,29,47913.2,27348,1.75198,0,18096.2,27348,0.661702,23,7,0,0,13771.3,34063,0.404289,33,45275.7,27713,1.63373,0,18118.5,27713,0.65379,23,5,0,0,12919.9,32507,0.39745,27,47093.9,27454,1.71538,0,18136.5,27454,0.660613,23,7,0,0,12480.4,31704,0.393653,25,48172.8,27246,1.76807,0,18046.2,27246,0.662343,22,6,0,0,12469.4,31756,0.392663,22,12469.4,31756,0.392663,248,248,
/home/andy/Desktop/Curtin/IRPLR/IRPLR/Data/mvirp/Big_Instances/Istanze0105/abs1n200_2.dat,6,201,2,76766.1,58177,1.31953,0,23771.5,58177,0.408606,48,19,0,0,16726.7,67614,0.247386,257,73291.7,57763,1.26883,0,23297.8,57763,0.403334,47,5,0,0,16595.7,67467,0.245982,103,73832.2,58390,1.26447,0,23778.4,58390,0.407234,46,6,0,0,16583.4,67467,0.2458,119,73068.9,58809,1.24248,0,23370.6,58809,0.397398,45,5,0,0,16714.7,66108,0.252839,117,78402.6,56754,1.38145,0,23722.9,56754,0.417995,46,6,0,0,16550.3,67567,0.244946,94,16550.3,67567,0.244946,922,922,
/home/andy/Desktop/Curtin/IRPLR/IRPLR/Data/mvirp/Big_Instances/Istanze0105/abs2n200_2.dat,6,201,2,74056.9,58082,1.27504,0,23792.5,58082,0.409636,50,8,0,0,18058.1,71409,0.252883,131,71258.7,58312,1.22202,0,23614.9,58312,0.404975,47,7,0,0,16622.8,66696,0.249232,106,71069.6,59149,1.20153,0,23235,59149,0.392821,45,12,0,0,16638.7,67874,0.245142,152,68855.5,59388,1.15942,0,23115.9,59388,0.389235,46,5,0,0,16638.7,67891,0.24508,94,71157.1,58884,1.20843,0,23648.7,58884,0.401615,49,6,0,0,16529.7,67831,0.243689,97,16529.7,67831,0.243689,817,817,
/home/andy/Desktop/Curtin/IRPLR/IRPLR/Data/mvirp/Big_Instances/Istanze0105/abs3n200_2.dat,6,201,2,72660.6,54808,1.32573,0,23328,54808,0.425631,46,24,0,0,19921.3,70440,0.282812,313,71385.6,54320,1.31417,0,23200.6,54320,0.427109,50,5,0,0,19801.2,70389,0.281311,126,69713.4,55010,1.26729,0,23099.6,55010,0.419916,49,11,0,0,18626.3,67489,0.27599,177,71932.3,55737,1.29057,0,23531.8,55737,0.422194,48,5,0,0,19030.4,68129,0.279328,112,71834.5,55181,1.3018,0,23320.7,55181,0.422622,49,5,0,0,18173.2,65201,0.278726,113,18626.3,67489,0.27599,761,1083,
/home/andy/Desktop/Curtin/IRPLR/IRPLR/Data/mvirp/Big_Instances/Istanze0105/abs4n200_2.dat,6,201,2,76951.1,57827,1.33071,0,23504.4,57827,0.406461,44,18,0,0,18690.6,72893,0.256412,262,76968.5,56981,1.35077,0,24065.4,56981,0.42234,46,5,0,0,18686.8,72901,0.256331,97,76596.9,56768,1.3493,0,23279.8,56768,0.410086,42,5,0,0,19161.4,73989,0.258976,135,76696.9,57939,1.32375,0,23726.8,57939,0.409514,46,5,0,0,18261.3,72592,0.251561,131,75777,56696,1.33655,0,23251.3,56696,0.410104,43,6,0,0,17894.7,72330,0.247403,112,17894.7,72330,0.247403,958,958,
/home/andy/Desktop/Curtin/IRPLR/IRPLR/Data/mvirp/Big_Instances/Istanze0105/abs5n200_2.dat,6,201,2,75374.4,57847,1.303,0,23438,57847,0.405173,50,9,0,0,17076.2,63646,0.2683,146,72886.2,57842,1.26009,0,23919.7,57842,0.413535,49,5,0,0,17062.8,63693,0.267891,102,76054.9,58595,1.29798,0,23567.4,58595,0.402208,48,5,0,0,16923.4,64235,0.26346,131,73504.8,58097,1.26521,0,23172,58097,0.398851,46,6,0,0,16718.4,64143,0.260642,108,75123.2,57429,1.30811,0,23732.3,57429,0.413246,49,8,0,0,16712.7,64143,0.260554,119,16712.7,64143,0.260554,848,848,
/home/andy/Desktop/Curtin/IRPLR/IRPLR/Data/mvirp/Big_Instances/Istanze0105/abs6n200_2.dat,6,201,2,75992.9,58801,1.29237,0,23478.7,58801,0.399291,51,14,0,0,16935.1,64169,0.263915,176,76257.6,57660,1.32254,0,23395.3,57660,0.405745,50,9,0,0,16697.8,64663,0.258228,142,73864.1,56830,1.29974,0,22239.5,56830,0.391333,47,8,0,0,16468.5,65298,0.252205,174,73670.1,58564,1.25794,0,22940.1,58564,0.39171,47,8,0,0,16442,65299,0.251796,144,76084,57954,1.31283,0,22897.8,57954,0.395103,47,6,0,0,16340.8,65163,0.250768,93,16340.8,65163,0.250768,903,971,
/home/andy/Desktop/Curtin/IRPLR/IRPLR/Data/mvirp/Big_Instances/Istanze0105/abs7n200_2.dat,6,201,2,75874,51018,1.4872,0,24678.9,51018,0.483729,51,8,0,0,20246,65546,0.308882,167,74886.9,50365,1.48688,0,24551.1,50365,0.487464,48,13,0,0,18316.5,60426,0.303122,169,73993.6,50019,1.47931,0,24089.8,50019,0.481613,52,5,0,0,17801.6,57862,0.307656,120,73724.7,50937,1.44737,0,24191.5,50937,0.47493,48,6,0,0,18284.4,60472,0.302361,107,74796,50933,1.46852,0,24515.8,50933,0.481334,48,5,0,0,18504.3,60886,0.303917,99,18284.4,60472,0.302361,680,909,
/home/andy/Desktop/Curtin/IRPLR/IRPLR/Data/mvirp/Big_Instances/Istanze0105/abs8n200_2.dat,6,201,2,72263.8,55506,1.30191,0,23508.7,55506,0.423535,48,9,0,0,18930.3,67469,0.280578,147,70423.1,54571,1.29049,0,23547.6,54571,0.431504,50,6,0,0,18930.3,67534,0.280308,108,71446.5,54195,1.31832,0,23265.7,54195,0.429296,47,5,0,0,18870.9,67434,0.279843,94,69860.8,55213,1.2653,0,23263.4,55213,0.421339,46,5,0,0,18997.4,68194,0.278578,111,70144.7,54149,1.2954,0,23546,54149,0.434837,49,12,0,0,17431.8,63828,0.273106,153,17431.8,63828,0.273106,853,853,
/home/andy/Desktop/Curtin/IRPLR/IRPLR/Data/mvirp/Big_Instances/Istanze0105/abs9n200_2.dat,6,201,2,72581,54943,1.32102,0,23710.9,54943,0.431554,50,7,0,0,20221.2,67226,0.300795,162,77970.8,54477,1.43126,0,24582.9,54477,0.451253,49,5,0,0,19892.3,70075,0.283871,128,77347.4,54819,1.41096,0,24149.6,54819,0.440534,48,6,0,0,19813.5,70027,0.282941,118,74569.1,55412,1.34572,0,24363.5,55412,0.43968,49,10,0,0,19423.5,70103,0.277071,190,74418.8,54725,1.35987,0,24361.7,54725,0.445166,50,5,0,0,19172.5,69896,0.2743,130,19172.5,69896,0.2743,974,974,
/home/andy/Desktop/Curtin/IRPLR/IRPLR/Data/mvirp/Big_Instances/Istanze0105/abs10n200_2.dat,6,201,2,73591.8,56707,1.29776,0,23365.1,56707,0.412033,47,12,0,0,15909.4,64799,0.245519,174,72701.3,56762,1.28081,0,23017.9,56762,0.405517,48,5,0,0,16081,65585,0.245194,121,71472.3,57326,1.24677,0,23024.5,57326,0.401642,48,5,0,0,16080.6,65607,0.245105,94,70278.5,57536,1.22147,0,22726.4,57536,0.394994,47,5,0,0,16044.5,64526,0.248651,97,73016.3,56124,1.30098,0,23129.9,56124,0.412121,45,5,0,0,16369.7,66210,0.247239,94,16080.6,65607,0.245105,460,815,
/home/andy/Desktop/Curtin/IRPLR/IRPLR/Data/mvirp/Big_Instances/Istanze0105/abs1n50_3.dat,6,51,3,30186.1,13537,2.2299,0,15719.6,13537,1.16123,15,7,0,0,14817.5,15474,0.957572,13,28900,13034,2.21728,0,15515,13034,1.19035,15,5,0,0,15406.6,16036,0.960753,14,31582.3,13050,2.4201,0,16331.7,13050,1.25147,17,21,0,0,14490.8,16413,0.882885,18,33258.8,13703,2.42712,0,16568.9,13703,1.20914,16,5,0,0,14336.3,16275,0.880878,15,32829,13337,2.4615,0,16376,13337,1.22786,16,7,0,0,14269.9,16382,0.871073,15,14269.9,16382,0.871073,154,154,
/home/andy/Desktop/Curtin/IRPLR/IRPLR/Data/mvirp/Big_Instances/Istanze0105/abs2n50_3.dat,6,51,3,31888.2,13478,2.36594,0,16359.8,13478,1.21382,15,14,0,0,16011.8,16820,0.951953,15,33479,13606,2.46061,0,16915.2,13606,1.24322,15,5,0,0,16216.8,16849,0.962481,14,36318,13158,2.76014,0,16463.8,13158,1.25124,15,7,0,0,16011.8,16843,0.950653,14,33556.7,13105,2.5606,0,16195.2,13105,1.23581,14,5,0,0,16757,17414,0.962272,15,35760.5,13115,2.72669,0,15930.3,13115,1.21466,15,5,0,0,16634.7,17371,0.957613,15,16011.8,16843,0.950653,74,147,
/home/andy/Desktop/Curtin/IRPLR/IRPLR/Data/mvirp/Big_Instances/Istanze0105/abs3n50_3.dat,6,51,3,30331.7,13726,2.2098,0,14787.3,13726,1.07732,14,11,0,0,12525.7,16725,0.748918,15,31852.2,13564,2.34829,0,14680.2,13564,1.08229,14,13,0,0,10953.4,15465,0.708267,14,32652.1,13447,2.42821,0,15606,13447,1.16056,15,5,0,0,10730.4,15113,0.710009,12,29437,13053,2.25519,0,14655,13053,1.12273,15,5,0,0,10730.4,15113,0.710009,11,31646.7,13120,2.4121,0,14694.1,13120,1.11998,15,5,0,0,10999.2,15282,0.719748,12,10953.4,15465,0.708267,57,137,
/home/andy/Desktop/Curtin/IRPLR/IRPLR/Data/mvirp/Big_Instances/Istanze0105/abs4n50_3.dat,6,51,3,32643.4,13584,2.40307,0,15727.7,13584,1.15781,12,12,0,0,14308.4,16250,0.880517,14,33763.2,13552,2.49138,0,15919.2,13552,1.17468,15,5,0,0,14703.1,16771,0.876696,13,31264.4,13595,2.2997,0,15557,13595,1.14432,14,5,0,0,14665,16899,0.867806,12,34005.9,13591,2.50209,0,15874.1,13591,1.16798,14,5,0,0,15045.9,17154,0.877105,14,32524.5,13552,2.39998,0,16057.9,13552,1.18491,13,5,0,0,14606.9,16847,0.86703,12,14606.9,16847,0.86703,133,133,
/home/andy/Desktop/Curtin/IRPLR/IRPLR/Data/mvirp/Big_Instances/Istanze0105/abs5n50_3.dat,6,51,3,31749.9,13374,2.37401,0,15128.5,13374,1.13118,15,16,0,0,12576.2,15263,0.823968,15,31673.2,13612,2.32686,0,15344.2,13612,1.12725,14,6,0,0,12462.4,15268,0.816242,12,33946.3,13010,2.60925,0,15659,13010,1.20361,16,5,0,0,12462.4,15278,0.815707,12,30760,13045,2.35799,0,15528.5,13045,1.19038,15,9,0,0,12400.2,15240,0.813663,14,32121.5,13305,2.41424,0,15684.8,13305,1.17887,16,9,0,0,12400.2,15245,0.813397,12,12400.2,15245,0.813397,129,141,
/home/andy/Desktop/Curtin/IRPLR/IRPLR/Data/mvirp/Big_Instances/Istanze0105/abs6n50_3.dat,6,51,3,30946.6,15091,2.05067,0,14906.7,15091,0.987785,13,11,0,0,14232,17662,0.805799,13,28520.6,14790,1.92837,0,15134.8,14790,1.02331,13,12,0,0,14061.3,17863,0.787177,13,33727,14899,2.26371,0,15819.8,14899,1.0618,14,11,0,0,14059.3,17893,0.785745,13,30349.5,14971,2.02722,0,15538.6,14971,1.03791,14,9,0,0,14059.3,17907,0.785131,12,32709.1,15450,2.11709,0,15891,15450,1.02855,14,6,0,0,14084.3,17975,0.783551,11,14084.3,17975,0.783551,119,130,
/home/andy/Desktop/Curtin/IRPLR/IRPLR/Data/mvirp/Big_Instances/Istanze0105/abs7n50_3.dat,6,51,3,33303.5,13173,2.52816,0,16007,13173,1.21513,13,14,0,0,13750.8,15503,0.886978,14,30456.1,12789,2.38143,0,15279.5,12789,1.19474,13,9,0,0,13686.6,15681,0.872815,14,33663.5,12701,2.65046,0,15840.7,12701,1.2472,14,5,0,0,13787,15683,0.879103,13,33533.2,12830,2.61366,0,16159.7,12830,1.25953,15,5,0,0,13727.1,15681,0.8754,12,35539.3,13003,2.73316,0,15912.5,13003,1.22376,15,5,0,0,13674.5,15571,0.878205,13,13686.6,15681,0.872815,54,136,
/home/andy/Desktop/Curtin/IRPLR/IRPLR/Data/mvirp/Big_Instances/Istanze0105/abs8n50_3.dat,6,51,3,36248.6,11230,3.22783,0,17232.2,11230,1.53448,16,11,0,0,16158.7,13456,1.20085,13,37244.2,11456,3.25106,0,17715.8,11456,1.54642,15,5,0,0,16440.3,13546,1.21366,13,35653.9,11355,3.13993,0,17324.9,11355,1.52575,16,7,0,0,14840.6,12581,1.1796,12,36089.9,11378,3.1719,0,17435.8,11378,1.53241,15,6,0,0,14839.9,12581,1.17955,12,36588.4,11199,3.26712,0,17611.4,11199,1.57259,16,6,0,0,14527.4,12570,1.15572,13,14527.4,12570,1.15572,141,141,
/home/andy/Desktop/Curtin/IRPLR/IRPLR/Data/mvirp/Big_Instances/Istanze0105/abs9n50_3.dat,6,51,3,32416.9,14020,2.31219,0,15449,14020,1.10193,14,9,0,0,13317.1,16436,0.810239,13,31999.9,14257,2.2445,0,15086.4,14257,1.05818,13,9,0,0,13317.1,16456,0.809255,12,31964.3,13367,2.39129,0,15095.6,13367,1.12932,14,5,0,0,13680.3,16751,0.816687,13,32093.6,13962,2.29864,0,15187.1,13962,1.08774,14,5,0,0,13571.3,16907,0.802701,13,30426.5,13558,2.24417,0,14872.7,13558,1.09697,15,9,0,0,13462.2,16912,0.796014,13,13462.2,16912,0.796014,122,134,
/home/andy/Desktop/Curtin/IRPLR/IRPLR/Data/mvirp/Big_Instances/Istanze0105/abs10n50_3.dat,6,51,3,31445.9,13933,2.25694,0,15188.4,13933,1.0901,13,11,0,0,13711.2,17529,0.782202,16,32700.7,13990,2.33743,0,15254.8,13990,1.09041,12,5,0,0,13199.8,16594,0.795458,12,30847.7,13465,2.29095,0,14768.2,13465,1.09679,14,6,0,0,12542.8,16339,0.767657,13,32069.3,13834,2.31815,0,15742,13834,1.13792,13,5,0,0,12445.5,16239,0.766394,11,32383.3,13566,2.38709,0,14992.1,13566,1.10512,13,5,0,0,12772.2,16305,0.783332,12,12445.5,16239,0.766394,104,129,
/home/andy/Desktop/Curtin/IRPLR/IRPLR/Data/mvirp/Big_Instances/Istanze0105/abs1n100_3.dat,6,101,3,45079.3,28739,1.56857,0,18251.8,28739,0.635087,28,6,0,0,15962.1,35483,0.449852,31,47485.8,27885,1.70291,0,18696.4,27885,0.670484,27,13,0,0,14548.6,33127,0.439178,47,47668.6,28472,1.67423,0,18750,28472,0.65854,30,7,0,0,14548.6,33130,0.439138,30,47085.1,28244,1.66708,0,18159.1,28244,0.642937,26,10,0,0,14549.6,33225,0.437912,37,46563.7,28150,1.65413,0,18821.6,28150,0.668618,29,5,0,0,14683.1,33348,0.440299,29,14549.6,33225,0.437912,228,314,
/home/andy/Desktop/Curtin/IRPLR/IRPLR/Data/mvirp/Big_Instances/Istanze0105/abs2n100_3.dat,6,101,3,45620.2,26640,1.71247,0,18135.6,26640,0.680766,28,16,0,0,14570.4,32425,0.449356,45,48106,26361,1.82489,0,18603.4,26361,0.705716,32,5,0,0,14570.4,32479,0.448609,28,45975,26862,1.71153,0,18321.5,26862,0.682059,28,5,0,0,13801.9,30381,0.454294,26,45124,26174,1.724,0,18273.3,26174,0.698148,26,5,0,0,14443.7,32425,0.445448,32,44525,26831,1.65946,0,18335.2,26831,0.683357,28,6,0,0,14434.4,32486,0.444326,29,14434.4,32486,0.444326,276,302,
/home/andy/Desktop/Curtin/IRPLR/IRPLR/Data/mvirp/Big_Instances/Istanze0105/abs3n100_3.dat,6,101,3,53659.6,28222,1.90134,0,19242.4,28222,0.681824,27,8,0,0,17347.9,33139,0.52349,37,53042.2,28209,1.88033,0,19612.5,28209,0.695258,31,12,0,0,17246.3,33152,0.520219,38,52342.9,28163,1.85857,0,19725.2,28163,0.700393,30,5,0,0,18154.3,34316,0.529034,35,52933.3,27415,1.93082,0,19247.1,27415,0.702064,29,5,0,0,17246.3,33178,0.519811,29,50316.8,27526,1.82797,0,18990,27526,0.689894,29,5,0,0,17882.9,34442,0.519218,30,17882.9,34442,0.519218,315,315,
/home/andy/Desktop/Curtin/IRPLR/IRPLR/Data/mvirp/Big_Instances/Istanze0105/abs4n100_3.dat,6,101,3,48532,27361,1.77377,0,17858.4,27361,0.652697,26,14,0,0,14450.2,32623,0.442944,42,50749.1,26979,1.88106,0,17731.1,26979,0.65722,26,6,0,0,14450.2,32635,0.442781,29,49370.4,27214,1.81416,0,17567.2,27214,0.645521,25,5,0,0,14443.3,32729,0.441301,27,50576.7,26616,1.90024,0,17515.3,26616,0.658075,26,9,0,0,14443.3,32743,0.441112,33,50471.4,26860,1.87905,0,17647.3,26860,0.65701,25,5,0,0,13797.6,30011,0.459751,28,14443.3,32743,0.441112,209,287,
/home/andy/Desktop/Curtin/IRPLR/IRPLR/Data/mvirp/Big_Instances/Istanze0105/abs5n100_3.dat,6,101,3,53623.1,28865,1.85772,0,17966.1,28865,0.622417,27,20,0,0,14709.5,36132,0.407103,41,54661.6,29086,1.87931,0,18402.1,29086,0.632679,28,7,0,0,14632,36167,0.404567,30,54842.8,29426,1.86375,0,18313.2,29426,0.622347,27,6,0,0,14795.2,36598,0.404262,28,55065.9,28377,1.94051,0,18104.7,28377,0.638006,26,5,0,0,14783.6,36712,0.402692,29,52755.3,29479,1.78959,0,18302,29479,0.620848,27,5,0,0,14783.6,36712,0.402692,28,14783.6,36712,0.402692,236,291,
/home/andy/Desktop/Curtin/IRPLR/IRPLR/Data/mvirp/Big_Instances/Istanze0105/abs6n100_3.dat,6,101,3,49165.1,27565,1.78361,0,19595.5,27565,0.710885,30,33,0,0,17380.7,35435,0.490496,73,50509,27075,1.86552,0,19741.6,27075,0.729143,30,7,0,0,17272.2,35413,0.487736,35,49651.1,27529,1.80359,0,19766.2,27529,0.718015,31,5,0,0,16265.7,33770,0.481662,35,51155.2,27538,1.85762,0,19543.5,27538,0.709692,29,5,0,0,15825.7,33039,0.479001,29,49250.2,27227,1.80887,0,19397.1,27227,0.712423,31,7,0,0,15782.2,32994,0.478336,30,15782.2,32994,0.478336,353,353,
/home/andy/Desktop/Curtin/IRPLR/IRPLR/Data/mvirp/Big_Instances/Istanze0105/abs7n100_3.dat,6,101,3,48903.9,26505,1.84508,0,18613.8,26505,0.702274,24,13,0,0,15960.3,32608,0.489459,43,51180.6,26976,1.89726,0,18892.1,26976,0.700331,27,6,0,0,15889.7,32819,0.484162,28,50477.8,26584,1.8988,0,19129.2,26584,0.719577,29,14,0,0,14756,31790,0.46417,35,50939.9,26856,1.89678,0,19154.1,26856,0.713214,29,6,0,0,14763.3,31813,0.464065,27,51201.3,26909,1.90276,0,19029.7,26909,0.707185,27,5,0,0,14897.6,31941,0.466409,26,14763.3,31813,0.464065,218,295,
/home/andy/Desktop/Curtin/IRPLR/IRPLR/Data/mvirp/Big_Instances/Istanze0105/abs8n100_3.dat,6,101,3,45964.9,28250,1.62708,0,18916.5,28250,0.669611,31,6,0,0,16999.8,32916,0.516459,32,44460.2,28295,1.57131,0,19115.8,28295,0.67559,32,5,0,0,17745.8,34421,0.515552,37,46617.7,27841,1.67442,0,18999,27841,0.68241,30,9,0,0,17664.3,35310,0.500263,37,44371.9,28037,1.58262,0,19056.6,28037,0.679694,31,5,0,0,17664.3,35318,0.50015,36,43990.8,26985,1.63019,0,18279.1,26985,0.677378,29,5,0,0,17755.3,35682,0.497597,36,17755.3,35682,0.497597,331,331,
/home/andy/Desktop/Curtin/IRPLR/IRPLR/Data/mvirp/Big_Instances/Istanze0105/abs9n100_3.dat,6,101,3,49754.8,28906,1.72126,0,19829.8,28906,0.686011,31,22,0,0,17794.8,35828,0.496674,58,50202.9,28341,1.77139,0,19613.4,28341,0.692049,31,5,0,0,17794.8,35881,0.49594,37,51327.9,28257,1.81647,0,20060.5,28257,0.709931,29,8,0,0,16486.9,33613,0.490491,33,51404.8,28417,1.80895,0,19589.8,28417,0.689368,28,5,0,0,15715.5,31889,0.49282,33,49046.8,27799,1.76434,0,19586.4,27799,0.704572,29,5,0,0,16506.2,33438,0.493635,31,16486.9,33613,0.490491,219,340,
/home/andy/Desktop/Curtin/IRPLR/IRPLR/Data/mvirp/Big_Instances/Istanze0105/abs10n100_3.dat,6,101,3,46748,27583,1.69481,0,18534.2,27583,0.671942,29,12,0,0,15483.9,33419,0.463326,37,49133.7,27348,1.79661,0,18644.6,27348,0.681755,27,5,0,0,15483.9,33544,0.461599,29,46688.8,27713,1.68473,0,18814.9,27713,0.678921,27,6,0,0,14347.8,31690,0.452754,31,48511.9,27454,1.76703,0,18891.5,27454,0.688115,28,13,0,0,14312.9,31780,0.450374,36,48611.5,27246,1.78417,0,18602.1,27246,0.682745,28,5,0,0,13750.3,30035,0.45781,28,14312.9,31780,0.450374,244,300,
/home/andy/Desktop/Curtin/IRPLR/IRPLR/Data/mvirp/Big_Instances/Istanze0105/abs1n200_3.dat,6,201,3,77374.9,58177,1.32999,0,24220.2,58177,0.41632,53,19,0,0,19302.8,70918,0.272185,265,74599.7,57763,1.29148,0,23615.5,57763,0.408834,52,5,0,0,19287.8,70909,0.272007,121,74166.9,58390,1.2702,0,24119.4,58390,0.413075,65,5,0,0,19658.1,72362,0.271663,124,74980.1,58809,1.27498,0,23844.3,58809,0.405454,61,6,0,0,19270.1,72693,0.265089,100,78752.7,56754,1.38761,0,24046.8,56754,0.423703,70,5,0,0,19335.7,73063,0.264644,100,19335.7,73063,0.264644,1011,1011,
/home/andy/Desktop/Curtin/IRPLR/IRPLR/Data/mvirp/Big_Instances/Istanze0105/abs2n200_3.dat,6,201,3,74333.6,58082,1.2798,0,24418.1,58082,0.420407,73,20,0,0,18832.3,69011,0.272889,224,71948.8,58312,1.23386,0,23983.3,58312,0.411293,57,9,0,0,17846.5,66969,0.266489,148,71413.1,59149,1.20734,0,23727.5,59149,0.401148,62,5,0,0,18436.8,69023,0.267111,114,70050.5,59388,1.17954,0,23785.3,59388,0.400506,68,10,0,0,17582.8,66327,0.265093,179,72830.4,58884,1.23685,0,24140,58884,0.409958,66,5,0,0,17580,66351,0.264955,97,17580,66351,0.264955,1088,1088,
/home/andy/Desktop/Curtin/IRPLR/IRPLR/Data/mvirp/Big_Instances/Istanze0105/abs3n200_3.dat,6,201,3,75348.4,54808,1.37477,0,24068.9,54808,0.439149,68,21,0,0,20172.3,67735,0.297813,313,72670.4,54320,1.33782,0,23837.7,54320,0.438839,67,13,0,0,20105.5,68093,0.295265,209,71112.9,55010,1.29273,0,23853.7,55010,0.433625,74,5,0,0,20097.7,68095,0.295142,95,73961.9,55737,1.32698,0,24362.4,55737,0.437095,78,5,0,0,20069.3,68039,0.294967,109,73402.2,55181,1.33021,0,24211.4,55181,0.438763,77,5,0,0,20067.6,68039,0.294942,107,20067.6,68039,0.294942,1197,1197,
/home/andy/Desktop/Curtin/IRPLR/IRPLR/Data/mvirp/Big_Instances/Istanze0105/abs4n200_3.dat,6,201,3,78299.8,57827,1.35403,0,24015.1,57827,0.415291,63,9,0,0,20656.4,73033,0.282837,129,77708.4,56981,1.36376,0,24448.8,56981,0.429069,54,8,0,0,19271,70363,0.273879,108,77550.6,56768,1.3661,0,23713.8,56768,0.417731,58,5,0,0,19271,70388,0.273782,106,78378.4,57939,1.35278,0,24018.2,57939,0.414543,63,6,0,0,19355.6,71375,0.271181,101,75867.2,56696,1.33814,0,23648.5,56696,0.417111,51,5,0,0,19001.7,69567,0.273142,104,19355.8,71375,0.271184,604,837,
/home/andy/Desktop/Curtin/IRPLR/IRPLR/Data/mvirp/Big_Instances/Istanze0105/abs5n200_3.dat,6,201,3,76596.8,57847,1.32413,0,24293.1,57847,0.419954,84,13,0,0,21583.6,74676,0.289031,171,75851.5,57842,1.31136,0,24632.4,57842,0.425857,46,5,0,0,21583.6,74685,0.288996,98,75922.8,58595,1.29572,0,24107.8,58595,0.411431,48,5,0,0,21665.4,74413,0.29115,84,73937.3,58097,1.27265,0,23825.3,58097,0.410096,54,5,0,0,21665.4,74413,0.29115,91,76219.8,57429,1.3272,0,24415.9,57429,0.425148,52,6,0,0,21401.5,74873,0.285837,102,21401.5,74873,0.285837,830,830,
/home/andy/Desktop/Curtin/IRPLR/IRPLR/Data/mvirp/Big_Instances/Istanze0105/abs6n200_3.dat,6,201,3,77306,58801,1.31471,0,23849,58801,0.405588,48,6,0,0,19944.5,70434,0.283166,105,78198.4,57660,1.3562,0,23927.1,57660,0.414969,49,14,0,0,19593.1,70543,0.277746,140,73063.8,56830,1.28566,0,22790.3,56830,0.401026,48,5,0,0,19719.2,71332,0.276443,94,75107.5,58564,1.28249,0,23764.6,58564,0.405788,52,5,0,0,18255.4,65922,0.276924,86,77506,57954,1.33737,0,23705.9,57954,0.409046,50,6,0,0,19716.8,71336,0.276394,100,19716.8,71336,0.276394,688,772,
/home/andy/Desktop/Curtin/IRPLR/IRPLR/Data/mvirp/Big_Instances/Istanze0105/abs7n200_3.dat,6,201,3,75992,51018,1.48951,0,25158.7,51018,0.493133,50,7,0,0,21344.2,62332,0.342427,104,75048.2,50365,1.49009,0,25015.2,50365,0.496678,49,9,0,0,21192.7,62234,0.340533,119,73971.7,50019,1.47887,0,24520.9,50019,0.490231,50,6,0,0,21173.4,62255,0.340108,100,75304.7,50937,1.47839,0,24624.1,50937,0.483422,53,9,0,0,21173.4,62258,0.340092,111,75078.5,50933,1.47406,0,25059.4,50933,0.492008,57,10,0,0,20622.6,61374,0.336015,134,20622.6,61374,0.336015,827,827,
/home/andy/Desktop/Curtin/IRPLR/IRPLR/Data/mvirp/Big_Instances/Istanze0105/abs8n200_3.dat,6,201,3,73413,55506,1.32261,0,23953.3,55506,0.431544,51,14,0,0,19870.1,68300,0.290923,178,70603.1,54571,1.29379,0,23969,54571,0.439226,49,5,0,0,18981.1,65255,0.290875,80,71683,54195,1.32269,0,23773.7,54195,0.438669,52,5,0,0,18981.1,65377,0.290332,88,70920.4,55213,1.28449,0,23814.1,55213,0.431314,47,5,0,0,18125.2,62424,0.290357,89,70035.7,54149,1.29339,0,24023.7,54149,0.44366,54,5,0,0,18921.8,65546,0.28868,99,18921.8,65546,0.28868,787,787,
/home/andy/Desktop/Curtin/IRPLR/IRPLR/Data/mvirp/Big_Instances/Istanze0105/abs9n200_3.dat,6,201,3,73535.9,54943,1.3384,0,24521.9,54943,0.446315,55,23,0,0,19417.6,63083,0.307811,206,78375.6,54477,1.43869,0,25317.5,54477,0.464737,66,5,0,0,19414.8,63170,0.307342,46,77274.8,54819,1.40963,0,24899.4,54819,0.454212,0,5,0,0,18926.2,60913,0.310709,0,76085.5,55412,1.37309,0,25148.5,55412,0.453845,0,5,0,0,18926.2,60913,0.310709,0,76793.3,54725,1.40326,0,25222.9,54725,0.460904,428,5,0,0,20115.4,65819,0.305616,97,20115.4,65819,0.305616,898,898,
/home/andy/Desktop/Curtin/IRPLR/IRPLR/Data/mvirp/Big_Instances/Istanze0105/abs10n200_3.dat,6,201,3,74180.6,56707,1.30814,0,24109.8,56707,0.425164,55,9,0,0,19379.3,67117,0.28874,107,75179.2,56762,1.32446,0,23764.5,56762,0.41867,52,5,0,0,19372.4,67174,0.288392,98,72219.8,57326,1.25981,0,23629.5,57326,0.412196,52,5,0,0,19146.2,66013,0.290037,99,71873.1,57536,1.24918,0,23369,57536,0.406163,43,8,0,0,18039,63159,0.285612,116,72491.1,56124,1.29162,0,23748.6,56124,0.423146,51,5,0,0,18089.3,63474,0.284987,88,18089.3,63474,0.284987,761,761,
/home/andy/Desktop/Curtin/IRPLR/IRPLR/Data/mvirp/Big_Instances/Istanze0105/abs1n50_4.dat,6,51,4,32346.5,13537,2.38948,0,18094.3,13537,1.33666,13,8,0,0,17706.4,15575,1.13685,13,31316.6,13034,2.40269,0,17538.8,13034,1.34562,13,8,0,0,17398.5,15700,1.10818,12,33518.7,13050,2.56849,0,17821.8,13050,1.36565,13,5,0,0,17295.1,15540,1.11294,12,33822.8,13703,2.46828,0,18338.6,13703,1.33829,12,5,0,0,17411.4,15376,1.13237,12,33692.3,13337,2.52623,0,17831.6,13337,1.337,13,5,0,0,18096.1,16326,1.10842,12,17398.5,15700,1.10818,51,125,
/home/andy/Desktop/Curtin/IRPLR/IRPLR/Data/mvirp/Big_Instances/Istanze0105/abs2n50_4.dat,6,51,4,35826.4,13478,2.65814,0,18501.8,13478,1.37274,13,16,0,0,17089.2,15572,1.09743,12,35917,13606,2.63979,0,18764.7,13606,1.37915,12,5,0,0,17154.4,15546,1.10346,11,39545.1,13158,3.00541,0,19179.6,13158,1.45764,15,5,0,0,16305.9,14772,1.10384,11,35100.1,13105,2.67837,0,18143,13105,1.38443,14,7,0,0,17823.2,16344,1.09051,11,38432.5,13115,2.93042,0,18629.4,13115,1.42046,12,5,0,0,18265.8,16523,1.10548,11,17823.2,16344,1.09051,99,122,
/home/andy/Desktop/Curtin/IRPLR/IRPLR/Data/mvirp/Big_Instances/Istanze0105/abs3n50_4.dat,6,51,4,31562.4,13726,2.29946,0,16595.6,13726,1.20907,13,21,0,0,14332.1,16102,0.890082,13,30974.9,13564,2.28361,0,16155.6,13564,1.19106,13,5,0,0,14398.3,16088,0.894973,11,34869.9,13447,2.59314,0,17164.6,13447,1.27646,14,5,0,0,14610.3,16367,0.892668,11,31333.2,13053,2.40046,0,15644.6,13053,1.19855,12,5,0,0,14386.4,16194,0.888379,11,34538.6,13120,2.63252,0,16529,13120,1.25983,14,6,0,0,13388.7,15232,0.878983,10,13388.7,15232,0.878983,122,122,
/home/andy/Desktop/Curtin/IRPLR/IRPLR/Data/mvirp/Big_Instances/Istanze0105/abs4n50_4.dat,6,51,4,34085,13584,2.5092,0,17758.5,13584,1.30731,12,16,0,0,16965.2,15919,1.06572,15,34350.6,13552,2.53472,0,17598.9,13552,1.29862,12,8,0,0,17264.3,16481,1.04752,15,32540.8,13595,2.39358,0,17693.7,13595,1.30149,15,5,0,0,17264.3,16481,1.04752,12,34982.9,13591,2.57398,0,17758.3,13591,1.30662,13,5,0,0,17106.6,16438,1.04068,14,34502.6,13552,2.54594,0,18167.9,13552,1.34061,13,5,0,0,16172.3,15565,1.03902,12,16172.3,15565,1.03902,133,133,
/home/andy/Desktop/Curtin/IRPLR/IRPLR/Data/mvirp/Big_Instances/Istanze0105/abs5n50_4.dat,6,51,4,32100.8,13374,2.40024,0,16421.9,13374,1.2279,12,7,0,0,15249.5,15518,0.982695,12,33333.2,13612,2.44881,0,17216.4,13612,1.2648,13,5,0,0,15013.1,15291,0.981827,11,35080.4,13010,2.69642,0,16800.3,13010,1.29134,13,12,0,0,15169.1,15706,0.965813,13,31195.2,13045,2.39135,0,16869.1,13045,1.29315,13,7,0,0,15219.1,15792,0.963723,11,33775.4,13305,2.53855,0,17334.9,13305,1.30288,14,5,0,0,15445.4,15982,0.966426,12,15219.1,15792,0.963723,98,124,
/home/andy/Desktop/Curtin/IRPLR/IRPLR/Data/mvirp/Big_Instances/Istanze0105/abs6n50_4.dat,6,51,4,32247.6,15091,2.13687,0,17143.9,15091,1.13603,12,8,0,0,15850.7,16822,0.942259,11,30794,14790,2.08208,0,16960,14790,1.14672,11,8,0,0,16232.4,17569,0.923925,12,34019.7,14899,2.28336,0,17844.1,14899,1.19767,13,5,0,0,15894.6,17103,0.929344,11,33031.9,14971,2.20639,0,17480,14971,1.16759,12,6,0,0,16314,17663,0.923626,12,34418.4,15450,2.22773,0,18091.4,15450,1.17096,14,6,0,0,16263.3,17663,0.920754,11,16263.3,17663,0.920754,108,119,
/home/andy/Desktop/Curtin/IRPLR/IRPLR/Data/mvirp/Big_Instances/Istanze0105/abs7n50_4.dat,6,51,4,32356.2,13173,2.45625,0,18278.3,13173,1.38756,12,17,0,0,16250.3,15366,1.05755,13,31005,12789,2.42435,0,17631.5,12789,1.37864,13,5,0,0,15807.2,14825,1.06625,12,34607.8,12701,2.72481,0,18212.4,12701,1.43394,14,7,0,0,16170.8,15339,1.05422,10,34537.3,12830,2.69192,0,17696.2,12830,1.37928,13,5,0,0,15844.5,14647,1.08176,10,34793.1,13003,2.67577,0,17706.1,13003,1.3617,14,5,0,0,16282.4,15450,1.05388,12,16282.4,15450,1.05388,123,123,
/home/andy/Desktop/Curtin/IRPLR/IRPLR/Data/mvirp/Big_Instances/Istanze0105/abs8n50_4.dat,6,51,4,36568.2,11230,3.25629,0,20154.5,11230,1.7947,13,22,0,0,19436.9,13824,1.40603,16,38269.2,11456,3.34054,0,19761.7,11456,1.72501,14,5,0,0,19662.9,13893,1.41531,13,38851.6,11355,3.42154,0,20645.7,11355,1.81821,15,5,0,0,19280.4,13648,1.41269,11,38953.5,11378,3.42358,0,20419.4,11378,1.79463,13,8,0,0,19398.5,13829,1.40274,13,36953.9,11199,3.29975,0,19393.3,11199,1.7317,13,5,0,0,19397.4,13792,1.40642,12,19398.5,13829,1.40274,96,133,
/home/andy/Desktop/Curtin/IRPLR/IRPLR/Data/mvirp/Big_Instances/Istanze0105/abs9n50_4.dat,6,51,4,32851.1,14020,2.34316,0,16945.9,14020,1.20869,12,12,0,0,16374.7,17330,0.944874,9,34137.6,14257,2.39445,0,16906.1,14257,1.18581,0,14,0,0,15098.6,16745,0.90168,0,33839.7,13367,2.53158,0,16792.2,13367,1.25624,0,5,0,0,14611.6,16013,0.912484,0,34589,13962,2.47737,0,16738.4,13962,1.19885,0,5,0,0,14611.6,16013,0.912484,0,33092.4,13558,2.4408,0,17080,13558,1.25977,0,5,0,0,14611.6,16013,0.912484,0,15098.6,16745,0.90168,21,21,
/home/andy/Desktop/Curtin/IRPLR/IRPLR/Data/mvirp/Big_Instances/Istanze0105/abs10n50_4.dat,6,51,4,34144.9,13933,2.45065,0,17219,13933,1.23585,0,7,0,0,16464.5,16877,0.975556,0,33930.9,13990,2.42537,0,16964.4,13990,1.21261,0,6,0,0,16209.8,16889,0.959785,0,33423.8,13465,2.48227,0,16853.8,13465,1.25168,0,9,0,0,16242.5,17056,0.952307,0,31875.6,13834,2.30415,0,16987.9,13834,1.22798,0,7,0,0,16445.4,17415,0.944322,0,34749.5,13566,2.56151,0,17050.7,13566,1.25687,0,10,0,0,15310.5,16432,0.931748,0,15310.5,16432,0.931748,0,0,
/home/andy/Desktop/Curtin/IRPLR/IRPLR/Data/mvirp/Big_Instances/Istanze0105/abs1n100_4.dat,6,101,4,45895.3,28739,1.59697,0,19396.5,28739,0.674918,0,13,0,0,16438,32638,0.503647,0,49753.7,27885,1.78424,0,20006.2,27885,0.717455,0,5,0,0,16433,32689,0.502706,0,48363.1,28472,1.69862,0,19841.5,28472,0.696877,0,5,0,0,16487.1,32654,0.504904,0,46729.4,28244,1.65449,0,19307.7,28244,0.683604,0,5,0,0,16487.1,32654,0.504904,0,46966.7,28150,1.66844,0,19995.9,28150,0.710333,0,5,0,0,16487.1,32654,0.504904,0,16433,32689,0.502706,0,0,
/home/andy/Desktop/Curtin/IRPLR/IRPLR/Data/mvirp/Big_Instances/Istanze0105/abs2n100_4.dat,6,101,4,46055.4,26640,1.72881,0,19169.4,26640,0.719571,0,15,0,0,15448,30608,0.504705,597,49227.5,26361,1.86744,0,19330.9,26361,0.733315,25,5,0,0,15641.4,30782,0.508135,21,45981.3,26862,1.71176,0,19507.4,26862,0.72621,25,6,0,0,14983,30596,0.489703,24,46338,26174,1.77038,0,19142.2,26174,0.731346,24,5,0,0,15471.9,30821,0.501991,27,46658,26831,1.73896,0,19378.1,26831,0.722227,24,5,0,0,15207.5,30299,0.501914,24,14983,30596,0.489703,692,791,
/home/andy/Desktop/Curtin/IRPLR/IRPLR/Data/mvirp/Big_Instances/Istanze0105/abs3n100_4.dat,6,101,4,54816.5,28222,1.94233,0,21339.8,28222,0.75614,28,10,0,0,19962.1,34813,0.573409,36,54310.9,28209,1.9253,0,21276,28209,0.754229,27,5,0,0,20192.3,35208,0.573514,32,53713.3,28163,1.90723,0,21115.6,28163,0.749765,27,5,0,0,19933.5,35078,0.568262,30,53581.2,27415,1.95445,0,20516.8,27415,0.748379,27,5,0,0,20081.2,35288,0.569067,32,51891.2,27526,1.88517,0,20966.2,27526,0.761686,26,5,0,0,20086.5,35134,0.571712,29,19933.5,35078,0.568262,180,294,
/home/andy/Desktop/Curtin/IRPLR/IRPLR/Data/mvirp/Big_Instances/Istanze0105/abs4n100_4.dat,6,101,4,50722.6,27361,1.85383,0,18819.7,27361,0.687828,25,8,0,0,15935.1,32046,0.497258,28,54753.1,26979,2.02947,0,18474.7,26979,0.68478,23,12,0,0,15290.1,31463,0.48597,29,52873.2,27214,1.94287,0,18751,27214,0.689021,25,5,0,0,15468.1,31587,0.489697,23,52083.4,26616,1.95684,0,18140.6,26616,0.681568,24,5,0,0,15787.1,32056,0.492484,25,53595.6,26860,1.99537,0,18776.5,26860,0.69905,25,5,0,0,15634.5,31966,0.489097,25,15290.1,31463,0.48597,83,252,
/home/andy/Desktop/Curtin/IRPLR/IRPLR/Data/mvirp/Big_Instances/Istanze0105/abs5n100_4.dat,6,101,4,55683.9,28865,1.92911,0,18711.2,28865,0.64823,22,10,0,0,17488.8,36184,0.48333,31,56471.6,29086,1.94154,0,19176.7,29086,0.65931,22,6,0,0,16579,35127,0.471974,28,56993.5,29426,1.93684,0,19344.7,29426,0.6574,23,11,0,0,16545.8,35175,0.470385,28,57157.4,28377,2.01422,0,19051.5,28377,0.671371,24,5,0,0,16555,35178,0.470606,22,54160.7,29479,1.83726,0,19306.7,29479,0.654931,24,5,0,0,16455.9,35165,0.467963,25,16455.9,35165,0.467963,249,249,
/home/andy/Desktop/Curtin/IRPLR/IRPLR/Data/mvirp/Big_Instances/Istanze0105/abs6n100_4.dat,6,101,4,51550.6,27565,1.87015,0,21611.5,27565,0.78402,28,8,0,0,19178.1,31177,0.615135,30,51263.9,27075,1.8934,0,21478.3,27075,0.793288,29,6,0,0,19269.3,31448,0.612735,27,51581,27529,1.8737,0,21279.6,27529,0.772987,27,10,0,0,18002.4,29792,0.604268,30,50800.1,27538,1.84473,0,21721,27538,0.788763,27,5,0,0,18275.1,30207,0.604995,27,49117.7,27227,1.80401,0,21023.3,27227,0.772149,27,9,0,0,17927.9,29900,0.599596,27,17927.9,29900,0.599596,255,279,
/home/andy/Desktop/Curtin/IRPLR/IRPLR/Data/mvirp/Big_Instances/Istanze0105/abs7n100_4.dat,6,101,4,50557.6,26505,1.90747,0,19870.4,26505,0.749685,24,13,0,0,17968.3,32562,0.551819,32,52152.8,26976,1.9333,0,20178,26976,0.747999,24,16,0,0,17324.7,32861,0.527213,31,52156.4,26710,1.95269,0,20029.4,26710,0.749884,33,5,0,0,16879.7,32229,0.523744,24,49971.1,26856,1.86071,0,20295.1,26856,0.755702,24,11,0,0,16861.9,32278,0.522395,26,52234.9,26909,1.94117,0,20160,26909,0.749194,24,5,0,0,17629.3,33254,0.53014,24,16861.9,32278,0.522395,196,266,
/home/andy/Desktop/Curtin/IRPLR/IRPLR/Data/mvirp/Big_Instances/Istanze0105/abs8n100_4.dat,6,101,4,48265.8,28250,1.70852,0,21223.6,28250,0.751279,29,10,0,0,19117.8,34452,0.55491,34,48390.4,28295,1.71021,0,21080.8,28295,0.745037,30,5,0,0,19382.6,34686,0.558802,26,47947.2,27841,1.72218,0,20626.2,27841,0.740856,29,7,0,0,19098.9,34463,0.554187,30,47200.6,28037,1.68351,0,21348,28037,0.761423,28,5,0,0,18307.8,32491,0.563472,27,47191.7,26985,1.74881,0,20640.5,26985,0.764886,26,5,0,0,19525.6,34890,0.559634,29,19098.9,34463,0.554187,148,288,
/home/andy/Desktop/Curtin/IRPLR/IRPLR/Data/mvirp/Big_Instances/Istanze0105/abs9n100_4.dat,6,101,4,52535.9,28906,1.81747,0,21544.3,28906,0.745323,27,10,0,0,20364.3,34717,0.586581,32,53687.6,28341,1.89435,0,21979.1,28341,0.775525,28,8,0,0,20136.3,35026,0.574897,30,53026.9,28257,1.87659,0,22343.6,28257,0.790729,29,5,0,0,20297.2,35083,0.578547,31,54644.8,28417,1.92296,0,21891,28417,0.770349,27,5,0,0,20171.2,35134,0.574123,28,50816.6,27799,1.828,0,21970.8,27799,0.790344,28,5,0,0,19259.1,33512,0.574693,26,20171.2,35134,0.574123,232,286,
/home/andy/Desktop/Curtin/IRPLR/IRPLR/Data/mvirp/Big_Instances/Istanze0105/abs10n100_4.dat,6,101,4,48423.1,27583,1.75554,0,19393.9,27583,0.70311,23,16,0,0,16658.7,33206,0.501678,34,48870.1,27348,1.78697,0,19686.4,27348,0.719846,26,6,0,0,17123.4,34981,0.489505,29,47449.7,27713,1.71218,0,19794.4,27713,0.714264,24,5,0,0,17439.1,35904,0.485713,26,48154.8,27454,1.75402,0,19791.3,27454,0.720888,25,7,0,0,16529.2,34626,0.477362,27,49294,27246,1.80922,0,19432.1,27246,0.713211,24,15,0,0,16471.6,34625,0.475714,31,16471.6,34625,0.475714,238,269,
/home/andy/Desktop/Curtin/IRPLR/IRPLR/Data/mvirp/Big_Instances/Istanze0105/abs1n200_4.dat,6,201,4,77883.4,58177,1.33873,0,24756.9,58177,0.425545,52,10,0,0,19577.2,64676,0.302697,99,75530.7,57763,1.3076,0,24629.6,57763,0.426391,52,5,0,0,19835.6,65746,0.301701,84,76095.8,58390,1.30323,0,24705,58390,0.423104,50,12,0,0,19729.7,67627,0.291743,109,75040.4,58809,1.276,0,24585.5,58809,0.418058,54,5,0,0,19725.9,67637,0.291644,81,80500.6,56754,1.41841,0,24655.3,56754,0.434424,50,5,0,0,19550.1,67326,0.290379,88,19550.1,67326,0.290379,719,719,
/home/andy/Desktop/Curtin/IRPLR/IRPLR/Data/mvirp/Big_Instances/Istanze0105/abs2n200_4.dat,6,201,4,76707.4,58082,1.32067,0,24970.2,58082,0.429913,52,10,0,0,21624.6,71436,0.302713,124,73965.7,58312,1.26845,0,24878.4,58312,0.426643,53,10,0,0,21004.3,73138,0.287187,116,72270,59149,1.22183,0,24368.7,59149,0.411989,51,10,0,0,19644.5,69289,0.283515,100,70657.3,59388,1.18976,0,24458.2,59388,0.411838,55,8,0,0,19605.2,69211,0.283267,80,72791.6,58884,1.23619,0,24716.6,58884,0.419751,57,8,0,0,19605.2,69252,0.283099,102,19605.2,69252,0.283099,688,790,
/home/andy/Desktop/Curtin/IRPLR/IRPLR/Data/mvirp/Big_Instances/Istanze0105/abs3n200_4.dat,6,201,4,75960,54808,1.38593,0,25366.2,54808,0.46282,61,14,0,0,21519.2,65683,0.327622,149,75362,54320,1.38737,0,25671.2,54320,0.472593,79,7,0,0,21142.7,66211,0.319323,124,72762.3,55010,1.32271,0,24969.2,55010,0.453904,72,5,0,0,21586.5,66433,0.324937,116,75798.7,55737,1.35994,0,25418.2,55737,0.456039,67,5,0,0,21113.4,66431,0.317825,93,74952.7,55181,1.35831,0,25384,55181,0.460013,78,5,0,0,21328.9,66697,0.319788,90,21113.4,66431,0.317825,761,929,
/home/andy/Desktop/Curtin/IRPLR/IRPLR/Data/mvirp/Big_Instances/Istanze0105/abs4n200_4.dat,6,201,4,78730.7,57827,1.36149,0,24720,57827,0.427482,53,8,0,0,21349.4,70972,0.300814,135,78019.7,56981,1.36922,0,25131,56981,0.441041,59,10,0,0,21083.2,71958,0.292993,155,77193.3,56768,1.3598,0,24312.9,56768,0.428286,51,5,0,0,20997.7,72044,0.291457,117,79430.1,57939,1.37093,0,24980.2,57939,0.431146,58,6,0,0,20996.7,72215,0.290753,127,76718.4,56696,1.35315,0,24363.8,56696,0.429727,59,6,0,0,20950.4,72196,0.290187,105,20950.7,72196,0.290192,814,919,
/home/andy/Desktop/Curtin/IRPLR/IRPLR/Data/mvirp/Big_Instances/Istanze0105/abs5n200_4.dat,6,201,4,78274.9,57847,1.35314,0,25299.4,57847,0.437349,75,7,0,0,22818.2,65452,0.348624,156,76474.9,57842,1.32213,0,25658.7,57842,0.4436,80,11,0,0,23238.8,69686,0.333478,177,79723.2,58595,1.36058,0,25559.6,58595,0.436207,76,20,0,0,22273,68285,0.326177,243,75132.8,58097,1.29323,0,25045.3,58097,0.431094,75,5,0,0,21658.2,66170,0.327312,90,79223.2,57429,1.3795,0,25549.8,57429,0.444893,79,5,0,0,22421.4,69759,0.321413,120,22421.4,69759,0.321413,1171,1171,
/home/andy/Desktop/Curtin/IRPLR/IRPLR/Data/mvirp/Big_Instances/Istanze0105/abs6n200_4.dat,6,201,4,78872.3,58801,1.34134,0,25245.1,58801,0.429332,76,8,0,0,20546.1,65764,0.312422,141,78168.4,57660,1.35568,0,25213.4,57660,0.437278,78,11,0,0,20481.5,65687,0.311805,184,77045.2,56830,1.35571,0,23962.4,56830,0.42165,72,5,0,0,20189.5,63711,0.316891,130,76429.6,58564,1.30506,0,24768.4,58564,0.422928,71,8,0,0,20937.3,67788,0.308865,122,78025.3,57954,1.34633,0,24550.4,57954,0.423618,67,8,0,0,20851.2,67751,0.307762,163,20851.2,67751,0.307762,1104,1104,
/home/andy/Desktop/Curtin/IRPLR/IRPLR/Data/mvirp/Big_Instances/Istanze0105/abs7n200_4.dat,6,201,4,79244.5,51018,1.55327,0,26030.4,51018,0.510221,78,9,0,0,22879.7,61363,0.372859,129,77762.1,50365,1.54397,0,26043.5,50365,0.517095,86,6,0,0,22553.7,61226,0.368368,117,77438.9,50019,1.54819,0,25624.2,50019,0.51229,72,5,0,0,23300.1,62810,0.370962,130,75704.2,50937,1.48623,0,25422,50937,0.499088,73,5,0,0,21818.9,59146,0.368898,100,77281.3,50933,1.51731,0,25887.5,50933,0.508266,72,6,0,0,21146.4,57712,0.366412,123,21146.4,57712,0.366412,980,980,
/home/andy/Desktop/Curtin/IRPLR/IRPLR/Data/mvirp/Big_Instances/Istanze0105/abs8n200_4.dat,6,201,4,74707.9,55506,1.34594,0,24810.6,55506,0.44699,64,11,0,0,20241.1,65459,0.309218,164,72718.1,54571,1.33254,0,24501.7,54571,0.448987,73,6,0,0,20794.9,67465,0.308232,113,73118,54195,1.34916,0,24384.5,54195,0.44994,65,8,0,0,19891.5,65131,0.305408,123,71370.6,55213,1.29264,0,24404.6,55213,0.442008,60,5,0,0,19891.5,65147,0.305333,84,71243.5,54149,1.31569,0,24608.2,54149,0.454453,72,5,0,0,19596.7,64048,0.305969,111,19891.5,65147,0.305333,662,929,
/home/andy/Desktop/Curtin/IRPLR/IRPLR/Data/mvirp/Big_Instances/Istanze0105/abs9n200_4.dat,6,201,4,77071.2,54943,1.40275,0,25818.6,54943,0.469915,78,14,0,0,22336.5,66133,0.337751,222,80862.2,54477,1.48434,0,26386.3,54477,0.484357,77,5,0,0,22497.9,66754,0.337027,134,80555.6,54819,1.46948,0,26060.5,54819,0.475392,71,8,0,0,22403.9,66946,0.334656,118,77765,55412,1.4034,0,26187,55412,0.472588,72,5,0,0,22441,67057,0.334655,92,77065.4,54725,1.40823,0,25898.8,54725,0.473254,72,8,0,0,22407.7,67061,0.334139,102,22407.7,67061,0.334139,958,1038,
/home/andy/Desktop/Curtin/IRPLR/IRPLR/Data/mvirp/Big_Instances/Istanze0105/abs10n200_4.dat,6,201,4,76873.4,56707,1.35563,0,25087.2,56707,0.4424,66,7,0,0,21496.9,66287,0.324301,132,75623.1,56762,1.33228,0,25117.2,56762,0.4425,82,14,0,0,21607.7,67893,0.318261,183,74923.3,57326,1.30697,0,24740.3,57326,0.431572,70,8,0,0,20323.9,64046,0.317332,126,72339.6,57536,1.25729,0,24846,57536,0.431834,73,5,0,0,19647.2,61105,0.321532,111,75891.9,56124,1.35222,0,25021.6,56124,0.445827,68,6,0,0,20270.8,63970,0.316879,118,20270.8,63970,0.316879,1029,1029,
/home/andy/Desktop/Curtin/IRPLR/IRPLR/Data/mvirp/Big_Instances/Istanze0105/abs1n50_5.dat,6,51,5,34801.9,13537,2.57087,0,20550,13537,1.51806,18,11,0,0,19743.9,15317,1.28902,17,33802.7,13034,2.59342,0,19309.4,13034,1.48146,17,5,0,0,19735.5,15449,1.27746,16,35292.7,13050,2.70442,0,19937.4,13050,1.52777,17,9,0,0,19230.3,15357,1.25222,15,37085.7,13703,2.70639,0,21207.2,13703,1.54763,19,9,0,0,19213.3,15360,1.25086,15,37985.4,13337,2.84812,0,20728.6,13337,1.55422,17,15,0,0,18876.2,15238,1.23876,15,18876.2,15238,1.23876,153,166,
/home/andy/Desktop/Curtin/IRPLR/IRPLR/Data/mvirp/Big_Instances/Istanze0105/abs2n50_5.dat,6,51,5,38557,13478,2.86074,0,20600.4,13478,1.52845,16,15,0,0,20235.8,16279,1.24306,18,37943.5,13606,2.78873,0,21266.4,13606,1.56301,18,5,0,0,20093.3,15794,1.27221,15,40299.5,13158,3.06274,0,21191.5,13158,1.61054,18,5,0,0,21135.2,16718,1.26422,17,37757,13105,2.88111,0,20438.3,13105,1.55958,17,5,0,0,20449.6,16288,1.2555,17,40244.1,13115,3.06855,0,20932.5,13115,1.59608,17,5,0,0,20102.5,15931,1.26185,14,20235.8,16279,1.24306,34,167,
/home/andy/Desktop/Curtin/IRPLR/IRPLR/Data/mvirp/Big_Instances/Istanze0105/abs3n50_5.dat,6,51,5,33980.2,13726,2.47561,0,18024.2,13726,1.31314,15,30,0,0,14513.2,14592,0.994598,19,33911.4,13564,2.5001,0,17568.7,13564,1.29524,18,5,0,0,14503.3,14619,0.992086,14,37344,13447,2.77712,0,18534.7,13447,1.37835,18,5,0,0,14827.6,14738,1.00608,14,32369.8,13053,2.47987,0,17568.3,13053,1.34592,17,5,0,0,14430.5,14568,0.990564,13,35945.1,13120,2.73972,0,17891,13120,1.36364,19,11,0,0,14381.7,14589,0.98579,15,14381.7,14589,0.98579,149,162,
/home/andy/Desktop/Curtin/IRPLR/IRPLR/Data/mvirp/Big_Instances/Istanze0105/abs4n50_5.dat,6,51,5,36809.7,13584,2.70979,0,19950.7,13584,1.46869,16,16,0,0,19830.4,16486,1.20286,18,35650.9,13552,2.63068,0,20189.3,13552,1.48976,18,8,0,0,19282.2,16388,1.17661,17,35281.4,13595,2.59517,0,20410.1,13595,1.5013,19,5,0,0,19662.8,16686,1.1784,16,36043.8,13591,2.65204,0,20003.6,13591,1.47183,13,5,0,0,19662.8,16686,1.1784,0,35808.9,13552,2.64233,0,20542.5,13552,1.51583,0,5,0,0,19662.8,16686,1.1784,0,19282.2,16388,1.17661,69,117,
/home/andy/Desktop/Curtin/IRPLR/IRPLR/Data/mvirp/Big_Instances/Istanze0105/abs5n50_5.dat,6,51,5,33872.7,13374,2.53273,0,18621.8,13374,1.39239,0,11,0,0,17238.2,15252,1.13023,0,34761.3,13612,2.55373,0,19300,13612,1.41786,0,11,0,0,17306.7,15440,1.1209,117,35641.5,13010,2.73955,0,18631.5,13010,1.43209,18,8,0,0,16945,15281,1.1089,16,33376.2,13045,2.55854,0,18757.1,13045,1.43788,19,9,0,0,17180.8,15635,1.09887,15,36082,13305,2.71191,0,19611.3,13305,1.47398,19,5,0,0,17251.5,15514,1.112,15,17180.8,15635,1.09887,170,219,
/home/andy/Desktop/Curtin/IRPLR/IRPLR/Data/mvirp/Big_Instances/Istanze0105/abs6n50_5.dat,6,51,5,34887.8,15091,2.31183,0,19567.9,15091,1.29666,16,11,0,0,19274.8,17648,1.09218,19,34328.2,14790,2.32104,0,19290.3,14790,1.30428,16,13,0,0,18825.8,18083,1.04108,17,36558.5,14899,2.45375,0,19843.5,14899,1.33187,18,5,0,0,18825.8,18083,1.04108,15,35877,14971,2.39643,0,20080.5,14971,1.3413,18,5,0,0,18350,17475,1.05007,14,36821.7,15450,2.38328,0,20351.1,15450,1.31722,20,9,0,0,18781.9,18066,1.03963,17,18781.9,18066,1.03963,170,170,
/home/andy/Desktop/Curtin/IRPLR/IRPLR/Data/mvirp/Big_Instances/Istanze0105/abs7n50_5.dat,6,51,5,36886.8,13173,2.80018,0,20387,13173,1.54764,16,16,0,0,20501,16547,1.23896,21,34807.9,12789,2.7217,0,20263.7,12789,1.58447,16,5,0,0,20499.2,16582,1.23623,17,36926.6,12701,2.90737,0,20116.8,12701,1.58387,16,5,0,0,20468,16508,1.23989,18,37836.7,12830,2.94908,0,20299.8,12830,1.58221,16,8,0,0,19490.6,15830,1.23124,18,36974.4,12911,2.86379,0,20524.9,12911,1.58972,18,5,0,0,19353,15731,1.23024,17,19353,15731,1.23024,173,173,
/home/andy/Desktop/Curtin/IRPLR/IRPLR/Data/mvirp/Big_Instances/Istanze0105/abs8n50_5.dat,6,51,5,39796,11230,3.54373,0,22264.7,11230,1.98261,20,15,0,0,20758,12898,1.60939,15,41473.8,11456,3.62027,0,22920.9,11456,2.00077,20,11,0,0,20335.9,12802,1.58849,14,40417.4,11355,3.55943,0,22626.3,11355,1.99263,18,5,0,0,21157,13264,1.59507,15,40609.3,11378,3.5691,0,23305.3,11378,2.04828,17,6,0,0,20584.3,13010,1.58219,15,39989.7,11199,3.57083,0,22402,11199,2.00036,19,5,0,0,20750.4,13142,1.57894,15,20750.4,13142,1.57894,168,168,
/home/andy/Desktop/Curtin/IRPLR/IRPLR/Data/mvirp/Big_Instances/Istanze0105/abs9n50_5.dat,6,51,5,35273.3,14020,2.51593,0,18497.7,14020,1.31938,16,11,0,0,16870.7,16072,1.0497,15,35761.7,14257,2.50836,0,18985,14257,1.33163,18,5,0,0,16870.7,16072,1.0497,14,35040.3,13367,2.6214,0,18471.7,13367,1.38189,16,5,0,0,16859,16086,1.04805,13,35006.8,13962,2.50729,0,18926.8,13962,1.3556,16,5,0,0,17358.1,16617,1.0446,15,33938.7,13558,2.50323,0,19060.5,13558,1.40585,19,9,0,0,17347.5,16669,1.0407,16,17347.5,16669,1.0407,143,158,
/home/andy/Desktop/Curtin/IRPLR/IRPLR/Data/mvirp/Big_Instances/Istanze0105/abs10n50_5.dat,6,51,5,34480.5,13933,2.47473,0,19219.4,13933,1.37942,15,10,0,0,18199.5,16002,1.13733,15,33645,13990,2.40493,0,19316.5,13990,1.38074,15,9,0,0,17500.2,15909,1.10002,13,33883,13465,2.51637,0,19332.1,13465,1.43573,16,18,0,0,16039.3,14950,1.07286,13,36071.5,13834,2.60745,0,19118,13834,1.38196,17,11,0,0,16171.8,15164,1.06646,13,38559,13566,2.84233,0,19251.8,13566,1.41912,17,9,0,0,16147.4,15195,1.06268,13,16147.4,15195,1.06268,134,147,
/home/andy/Desktop/Curtin/IRPLR/IRPLR/Data/mvirp/Big_Instances/Istanze0105/abs1n100_5.dat,6,101,5,47210.3,28739,1.64273,0,20659.3,28739,0.718858,34,9,0,0,18793.7,33155,0.566844,34,52435.8,27885,1.88043,0,21157.5,27885,0.758743,32,10,0,0,18898.1,34190,0.552739,42,51372.8,28472,1.80433,0,21103.1,28472,0.741187,33,9,0,0,18749.8,34246,0.547504,34,49395.7,28244,1.74889,0,20717.6,28244,0.733522,34,5,0,0,18745.5,34351,0.545704,35,49943.9,28150,1.77421,0,21159.2,28150,0.751661,32,7,0,0,18743.4,34351,0.545644,33,18743.4,34351,0.545644,314,343,
/home/andy/Desktop/Curtin/IRPLR/IRPLR/Data/mvirp/Big_Instances/Istanze0105/abs2n100_5.dat,6,101,5,47297.5,26640,1.77543,0,20280,26640,0.76126,30,19,0,0,17443.4,30888,0.564731,44,51677.8,26361,1.96039,0,20612.1,26361,0.781918,32,6,0,0,17427.8,31014,0.561933,31,47207.3,26862,1.7574,0,20368.5,26862,0.758265,34,11,0,0,16670.2,30023,0.555248,33,48836.5,26174,1.86584,0,20014.7,26174,0.764677,32,7,0,0,16634.1,30134,0.552003,30,49123.6,26831,1.83085,0,20604.8,26831,0.767947,32,5,0,0,17069.3,30716,0.555713,30,16634.1,30134,0.552003,266,328,
/home/andy/Desktop/Curtin/IRPLR/IRPLR/Data/mvirp/Big_Instances/Istanze0105/abs3n100_5.dat,6,101,5,56811,28222,2.01301,0,23014.4,28222,0.815479,39,19,0,0,21528.6,34305,0.627565,56,55607.6,28209,1.97127,0,22966.1,28209,0.81414,34,5,0,0,21956,34715,0.632466,45,55259.2,28163,1.96212,0,22976.7,28163,0.815847,38,5,0,0,21829.4,35079,0.622294,39,56955,27415,2.07751,0,22485.7,27415,0.820196,36,5,0,0,21809.1,35049,0.622245,35,53546.7,27526,1.94531,0,21856.5,27526,0.79403,35,11,0,0,20856.3,33921,0.61485,41,20856.3,33921,0.61485,398,398,
/home/andy/Desktop/Curtin/IRPLR/IRPLR/Data/mvirp/Big_Instances/Istanze0105/abs4n100_5.dat,6,101,5,53072.3,27361,1.93971,0,19592.1,27361,0.716059,31,11,0,0,17162.8,32835,0.522697,42,52085.2,26979,1.93058,0,19344.8,26979,0.717032,29,6,0,0,16993.3,32894,0.516608,33,51292.6,27214,1.88479,0,19536,27214,0.717866,33,5,0,0,16531.8,31795,0.51995,32,54342.3,26616,2.04171,0,19139.6,26616,0.719103,28,5,0,0,16527.2,31379,0.526697,31,54117.4,26860,2.01479,0,19872.4,26860,0.739853,34,5,0,0,17143.9,33137,0.517364,31,16993.3,32894,0.516608,135,324,
/home/andy/Desktop/Curtin/IRPLR/IRPLR/Data/mvirp/Big_Instances/Istanze0105/abs5n100_5.dat,6,101,5,57657.3,28865,1.99748,0,19936.6,28865,0.690684,27,13,0,0,17414.9,34739,0.501307,46,56863.1,29086,1.955,0,20310.1,29086,0.698279,34,13,0,0,17331.7,34996,0.495247,44,60348.5,29426,2.05086,0,20474.5,29426,0.695797,29,12,0,0,16345.7,34342,0.475969,38,56982.5,28377,2.00805,0,20047,28377,0.706452,28,6,0,0,16168,34351,0.470669,28,56553.5,29479,1.91843,0,20516.4,29479,0.695965,31,5,0,0,16081.8,34266,0.469322,29,16081.8,34266,0.469322,334,334,
/home/andy/Desktop/Curtin/IRPLR/IRPLR/Data/mvirp/Big_Instances/Istanze0105/abs6n100_5.dat,6,101,5,52124.6,27565,1.89097,0,23304.8,27565,0.845449,36,11,0,0,20837.6,30354,0.686485,44,56065.2,27075,2.07074,0,23408.5,27075,0.86458,38,9,0,0,20492.1,30367,0.674816,41,53612.9,27529,1.94751,0,23112,27529,0.839551,37,5,0,0,20861.7,30779,0.677791,35,56022.2,27538,2.03436,0,23302.2,27538,0.846182,35,5,0,0,20998.3,30728,0.683361,38,51257.1,27227,1.88258,0,22776.8,27227,0.83655,34,5,0,0,21122.3,30789,0.686033,36,20492.1,30367,0.674816,159,374,
/home/andy/Desktop/Curtin/IRPLR/IRPLR/Data/mvirp/Big_Instances/Istanze0105/abs7n100_5.dat,6,101,5,50764.5,26505,1.91528,0,21149,26505,0.797926,30,13,0,0,20642.4,33970,0.607666,42,54160,26976,2.00771,0,21389.7,26976,0.792916,33,8,0,0,18857,31372,0.601077,36,53271.8,26584,2.00391,0,21826.5,26584,0.82104,51,5,0,0,19046.9,31527,0.604145,32,53291.2,26856,1.98433,0,21568,26856,0.803097,32,14,0,0,18748.4,31441,0.596306,39,54747.4,26909,2.03454,0,21448.5,26909,0.797077,33,10,0,0,18832.8,31680,0.594471,34,18832.8,31680,0.594471,362,362,
/home/andy/Desktop/Curtin/IRPLR/IRPLR/Data/mvirp/Big_Instances/Istanze0105/abs8n100_5.dat,6,101,5,49577.9,28250,1.75497,0,22812.6,28250,0.807525,39,8,0,0,22698.9,34513,0.657691,49,49339.2,28295,1.74374,0,22924.9,28295,0.810212,40,6,0,0,22326.9,34722,0.643019,42,50995.2,27841,1.83166,0,23218.1,27841,0.833953,45,5,0,0,22487.3,35018,0.642163,38,51859.4,28037,1.84968,0,23091.1,28037,0.823593,39,8,0,0,22282,35132,0.634237,42,49462,26985,1.83294,0,22163,26985,0.821307,38,5,0,0,22575.1,35250,0.640428,40,22282,35132,0.634237,334,412,
/home/andy/Desktop/Curtin/IRPLR/IRPLR/Data/mvirp/Big_Instances/Istanze0105/abs9n100_5.dat,6,101,5,55064.4,28906,1.90495,0,23971.8,28906,0.829302,37,8,0,0,23368.2,33945,0.688415,46,55911.1,28341,1.9728,0,23706.1,28341,0.83646,39,6,0,0,23768.8,35125,0.676691,43,56966.4,28257,2.01601,0,23982.7,28257,0.848734,36,5,0,0,23594.7,34781,0.678379,41,55220,28417,1.9432,0,23800.2,28417,0.837534,35,9,0,0,23706.8,35088,0.675638,46,54078.1,27799,1.94533,0,23408.9,27799,0.842079,36,5,0,0,23751.5,35371,0.671495,38,23751.5,35371,0.671495,397,397,
/home/andy/Desktop/Curtin/IRPLR/IRPLR/Data/mvirp/Big_Instances/Istanze0105/abs10n100_5.dat,6,101,5,50199.2,27583,1.81993,0,20569.3,27583,0.745723,29,7,0,0,18135.4,32756,0.55365,36,51437.9,27348,1.88087,0,20483.8,27348,0.749005,32,7,0,0,17147.1,31646,0.541841,27,50519.6,27713,1.82295,0,21011.2,27713,0.758172,33,9,0,0,17147.1,31652,0.541739,38,50774.7,27454,1.84945,0,20831.8,27454,0.758791,30,5,0,0,16760.1,30604,0.547644,30,51059,27246,1.874,0,20669.2,27246,0.758615,34,5,0,0,17563.5,32770,0.535962,29,17563.5,32770,0.535962,318,318,
/home/andy/Desktop/Curtin/IRPLR/IRPLR/Data/mvirp/Big_Instances/Istanze0105/abs1n200_5.dat,6,201,5,80462.4,58177,1.38306,0,25716.3,58177,0.442036,71,9,0,0,22071.8,71042,0.310686,150,77563.5,57763,1.34279,0,25430.4,57763,0.440254,74,13,0,0,22253.3,72841,0.305505,147,77291.4,58390,1.32371,0,25736.3,58390,0.440765,65,7,0,0,22192.1,73084,0.303652,122,76061.2,58809,1.29336,0,25548.4,58809,0.434431,70,5,0,0,21912.4,71050,0.308408,101,80708.1,56754,1.42207,0,25500.3,56754,0.449312,76,5,0,0,21737.6,70696,0.307479,101,22192.1,73084,0.303652,629,977,
/home/andy/Desktop/Curtin/IRPLR/IRPLR/Data/mvirp/Big_Instances/Istanze0105/abs2n200_5.dat,6,201,5,77910.9,58082,1.3414,0,25899.8,58082,0.445917,84,16,0,0,20846,66305,0.314396,171,76057.4,58312,1.30432,0,25679.5,58312,0.440381,81,5,0,0,20846,66389,0.313998,115,74811.2,59149,1.26479,0,25325.5,59149,0.428164,67,5,0,0,20167.6,64001,0.315114,110,74128.8,59388,1.24821,0,25524.7,59388,0.429795,71,12,0,0,20678.8,66340,0.311709,143,75016.9,58884,1.27398,0,25808.9,58884,0.4383,75,5,0,0,20699.7,66310,0.312165,138,20678.8,66340,0.311709,842,1055,
/home/andy/Desktop/Curtin/IRPLR/IRPLR/Data/mvirp/Big_Instances/Istanze0105/abs3n200_5.dat,6,201,5,77173.8,54808,1.40807,0,26799.9,54808,0.488978,82,10,0,0,24546.5,66000,0.371917,191,76472.6,54320,1.40782,0,26674.6,54320,0.491065,85,6,0,0,24360,66088,0.3686,111,76573.4,55010,1.39199,0,26654,55010,0.484531,80,5,0,0,24271.5,66532,0.364809,111,77623.3,55737,1.39267,0,27372.9,55737,0.491109,77,5,0,0,24070.6,66513,0.361893,131,75667.3,55181,1.37126,0,26923,55181,0.487903,84,13,0,0,23729.2,66911,0.354638,206,23729.2,66911,0.354638,1158,1158,
/home/andy/Desktop/Curtin/IRPLR/IRPLR/Data/mvirp/Big_Instances/Istanze0105/abs4n200_5.dat,6,201,5,81148.5,57827,1.4033,0,25594.7,57827,0.442608,57,19,0,0,23079.1,72441,0.318592,191,79785.3,56981,1.40021,0,25922.5,56981,0.454932,63,8,0,0,22960.3,72597,0.316271,119,81520.8,56768,1.43604,0,25197.3,56768,0.443865,75,6,0,0,22915.1,72767,0.31491,111,81092.2,57939,1.39961,0,25598.5,57939,0.441818,62,5,0,0,23337.6,74257,0.314282,98,79213,56696,1.39715,0,25000.6,56696,0.440959,55,5,0,0,22648,71730,0.31574,96,23337.6,74257,0.314282,776,927,
/home/andy/Desktop/Curtin/IRPLR/IRPLR/Data/mvirp/Big_Instances/Istanze0105/abs5n200_5.dat,6,201,5,79990.4,57847,1.38279,0,26747.1,57847,0.462376,82,14,0,0,22339.4,65101,0.343149,213,79676.8,57842,1.37749,0,26923.2,57842,0.465462,81,8,0,0,22269.7,65097,0.3421,128,80501.8,58595,1.37387,0,26653.7,58595,0.454881,88,5,0,0,22332.7,65634,0.340261,103,77192.1,58097,1.32868,0,26418.6,58097,0.454733,87,8,0,0,22283.1,65672,0.339308,140,79277.5,57429,1.38044,0,26816.3,57429,0.466946,82,5,0,0,21951.1,65816,0.333522,101,21951.1,65816,0.333522,1105,1105,
/home/andy/Desktop/Curtin/IRPLR/IRPLR/Data/mvirp/Big_Instances/Istanze0105/abs6n200_5.dat,6,201,5,80538.6,58801,1.36968,0,26648.7,58801,0.453201,85,13,0,0,24019.2,71359,0.336596,170,81833.7,57660,1.41925,0,26502.1,57660,0.459627,78,11,0,0,22720.1,68615,0.331124,159,79986.3,56830,1.40747,0,25313.9,56830,0.445432,76,5,0,0,22700.1,69007,0.328953,96,80160.9,58564,1.36877,0,26404.3,58564,0.450862,73,9,0,0,22650.9,69029,0.328137,161,81077.9,57954,1.399,0,26020.4,57954,0.448983,81,6,0,0,22636,69156,0.327318,118,22636,69156,0.327318,997,1097,
/home/andy/Desktop/Curtin/IRPLR/IRPLR/Data/mvirp/Big_Instances/Istanze0105/abs7n200_5.dat,6,201,5,79635,51018,1.56092,0,27329.5,51018,0.535684,79,16,0,0,24198.5,63378,0.381812,195,79769,50365,1.58382,0,26852.4,50365,0.533156,69,6,0,0,24472.5,64839,0.377436,110,81013.8,50019,1.61966,0,26603,50019,0.531858,76,5,0,0,24478.3,65149,0.375728,107,77546.3,50937,1.5224,0,26633.2,50937,0.522865,74,7,0,0,23402.6,62961,0.3717,115,79502.8,50933,1.56093,0,27112.7,50933,0.532321,76,7,0,0,22261.2,60566,0.367553,111,22261.2,60566,0.367553,1012,1012,
/home/andy/Desktop/Curtin/IRPLR/IRPLR/Data/mvirp/Big_Instances/Istanze0105/abs8n200_5.dat,6,201,5,77653.7,55506,1.39901,0,25467.8,55506,0.45883,67,11,0,0,20959,62839,0.333534,136,74773.1,54571,1.3702,0,25362,54571,0.464753,74,5,0,0,21194.2,63634,0.333064,102,76256.4,54195,1.40708,0,25433.6,54195,0.469298,78,6,0,0,21205,63790,0.33242,98,72896.9,55213,1.32028,0,25516.4,55213,0.462145,78,5,0,0,21202.5,63942,0.331589,104,73572.8,54149,1.35871,0,25594.5,54149,0.472668,73,6,0,0,21176.4,63924,0.331274,99,21176.4,63924,0.331274,829,909,
/home/andy/Desktop/Curtin/IRPLR/IRPLR/Data/mvirp/Big_Instances/Istanze0105/abs9n200_5.dat,6,201,5,79935.4,54943,1.45488,0,27233.4,54943,0.495667,81,8,0,0,24581.3,62675,0.392202,137,84075.5,54477,1.54332,0,27591.7,54477,0.506483,81,7,0,0,24124.9,62971,0.383111,119,83894.3,54819,1.53039,0,27656,54819,0.504497,85,7,0,0,24116.5,62979,0.382929,124,80369.8,55412,1.4504,0,27840.8,55412,0.502432,75,5,0,0,24458,64944,0.376602,109,79933.6,54725,1.46064,0,27766.9,54725,0.507389,79,7,0,0,23309.8,62120,0.375239,122,23309.8,62120,0.375239,1012,1012,
/home/andy/Desktop/Curtin/IRPLR/IRPLR/Data/mvirp/Big_Instances/Istanze0105/abs10n200_5.dat,6,201,5,79414.6,56707,1.40044,0,26687.8,56707,0.470626,76,10,0,0,23263.5,64096,0.362949,158,78784.4,56762,1.38798,0,26592.9,56762,0.468499,81,5,0,0,23497.5,65493,0.358779,118,77152.4,57326,1.34585,0,26456.4,57326,0.461509,78,5,0,0,23425.5,65848,0.355751,134,76510.3,57536,1.32978,0,26434.3,57536,0.459439,72,5,0,0,23336.6,65870,0.354282,113,77359.9,56124,1.37838,0,26534,56124,0.472775,88,13,0,0,21951.2,63274,0.346923,160,21951.2,63274,0.346923,1078,1078,
