,#TimePeriods,#Customer,#Vehicle,Cost,Quantity,LogisticRatio,T_InitialSchedule,CostAfterHGS,Quantity,LogisticRatio,T_InitialSolution,NumberOfRebalance,NumberOfRebalanceImproved,RebalanceAveragePercentageImprovement,BestCost,BestQuantity,BestLogisticRatio,T_Total
/home/andy/Desktop/Curtin/IRPLR/IRPLR/Data/mvirp/Big_Instances/Istanze0105/abs1n50_2.dat,6,51,2,29317.7,13537,2.16574,0,29317.7,13537,2.16574,0,5,0,0,12907.4,15916,0.810969,1,29454.8,13034,2.25984,0,29454.8,13034,2.25984,0,5,0,0,12972,16846,0.770035,0,29777.2,13050,2.28177,0,29777.2,13050,2.28177,0,5,0,0,11976.1,15939,0.751369,1,30675.9,13703,2.23863,0,30675.9,13703,2.23863,0,5,0,0,12471.1,16664,0.748384,1,30655.9,13337,2.29856,0,30655.9,13337,2.29856,0,5,0,0,11462.7,15577,0.735873,2,11462.7,15577,0.735873,5,
/home/andy/Desktop/Curtin/IRPLR/IRPLR/Data/mvirp/Big_Instances/Istanze0105/abs2n50_2.dat,6,51,2,31789.3,13478,2.3586,0,31789.3,13478,2.3586,0,5,0,0,14800.7,17192,0.860906,0,33179.8,13606,2.43862,0,33179.8,13606,2.43862,0,5,0,0,13354.8,15846,0.842789,1,34824.9,13158,2.64667,0,34824.9,13158,2.64667,0,5,0,0,13347.7,15844,0.842446,1,33048.5,13105,2.52183,0,33048.5,13105,2.52183,0,5,0,0,12652.7,14979,0.844693,2,34659.6,13115,2.64275,0,34659.6,13115,2.64275,0,5,0,0,13412.9,16049,0.835746,0,13412.9,16049,0.835746,4,
/home/andy/Desktop/Curtin/IRPLR/IRPLR/Data/mvirp/Big_Instances/Istanze0105/abs3n50_2.dat,6,51,2,29619.4,13726,2.1579,0,29619.4,13726,2.1579,0,5,0,0,12156.2,17153,0.708691,1,29324.3,13564,2.16192,0,29324.3,13564,2.16192,0,5,0,0,11554.4,17211,0.671337,1,32013.5,13447,2.38072,0,32013.5,13447,2.38072,0,5,0,0,9986.55,15524,0.643298,1,28126.2,13053,2.15477,0,28126.2,13053,2.15477,0,5,0,0,9907.64,15524,0.638215,1,31058.6,13120,2.36727,0,31058.6,13120,2.36727,0,5,0,0,10542.2,15608,0.675438,1,9907.64,15524,0.638215,5,
/home/andy/Desktop/Curtin/IRPLR/IRPLR/Data/mvirp/Big_Instances/Istanze0105/abs4n50_2.dat,6,51,2,31119.5,13584,2.29089,0,31119.5,13584,2.29089,0,5,0,0,13238.2,17032,0.777255,1,31760.2,13552,2.34358,0,31760.2,13552,2.34358,0,5,0,0,13255.1,17203,0.770512,1,30588.4,13595,2.24998,0,30588.4,13595,2.24998,0,5,0,0,12905,17176,0.751339,1,32100.6,13591,2.3619,0,32100.6,13591,2.3619,0,5,0,0,12970.2,17380,0.746271,1,30985.3,13552,2.2864,0,30985.3,13552,2.2864,0,5,0,0,12952.4,17218,0.752261,0,12970.2,17380,0.746271,4,
/home/andy/Desktop/Curtin/IRPLR/IRPLR/Data/mvirp/Big_Instances/Istanze0105/abs5n50_2.dat,6,51,2,28892.2,13374,2.16032,0,28892.2,13374,2.16032,0,5,0,0,11724,16564,0.707801,3,31042,13612,2.28049,0,31042,13612,2.28049,0,5,0,0,11289.3,16423,0.687406,1,32330.2,13010,2.48503,0,32330.2,13010,2.48503,0,5,0,0,11641.5,16571,0.702525,0,28373.5,13045,2.17505,0,28373.5,13045,2.17505,0,5,0,0,11641.5,16571,0.702525,1,30495,13305,2.292,0,30495,13305,2.292,0,5,0,0,11270.3,16204,0.695527,2,11289.3,16423,0.687406,7,
/home/andy/Desktop/Curtin/IRPLR/IRPLR/Data/mvirp/Big_Instances/Istanze0105/abs6n50_2.dat,6,51,2,29258.1,15091,1.93878,0,29258.1,15091,1.93878,0,5,0,0,13847.9,19541,0.708659,0,28941.7,14790,1.95684,0,28941.7,14790,1.95684,0,5,0,0,13164.1,19584,0.672186,1,30604.6,14899,2.05414,0,30604.6,14899,2.05414,0,5,0,0,11456.9,18050,0.634729,1,30937.6,14971,2.0665,0,30937.6,14971,2.0665,0,5,0,0,11592.1,18038,0.642647,1,29928.3,15450,1.93711,0,29928.3,15450,1.93711,0,5,0,0,11428.8,18005,0.634755,1,11456.9,18050,0.634729,4,
/home/andy/Desktop/Curtin/IRPLR/IRPLR/Data/mvirp/Big_Instances/Istanze0105/abs7n50_2.dat,6,51,2,31100.8,13173,2.36095,0,31100.8,13173,2.36095,0,5,0,0,13179.1,16938,0.778078,1,29485.9,12789,2.30557,0,29485.9,12789,2.30557,0,5,0,0,12378.6,16163,0.765861,0,32507.1,12701,2.55942,0,32507.1,12701,2.55942,0,5,0,0,12344.9,16163,0.763778,1,31958,12830,2.49088,0,31958,12830,2.49088,0,5,0,0,12392.1,16745,0.740046,2,31379,13003,2.41321,0,31379,13003,2.41321,0,5,0,0,12354.9,16774,0.736552,0,12354.9,16774,0.736552,4,
/home/andy/Desktop/Curtin/IRPLR/IRPLR/Data/mvirp/Big_Instances/Istanze0105/abs8n50_2.dat,6,51,2,33258.4,11230,2.96157,0,33258.4,11230,2.96157,0,5,0,0,14380.2,13921,1.03299,2,32986.4,11456,2.8794,0,32986.4,11456,2.8794,0,5,0,0,14316.5,13881,1.03137,1,33446.1,11355,2.9455,0,33446.1,11355,2.9455,0,5,0,0,14348.4,13974,1.02679,2,33885.7,11378,2.97818,0,33885.7,11378,2.97818,0,5,0,0,14348.4,13977,1.02657,1,33761.7,11199,3.01471,0,33761.7,11199,3.01471,0,5,0,0,14476.3,13977,1.03572,1,14348.4,13977,1.02657,7,
/home/andy/Desktop/Curtin/IRPLR/IRPLR/Data/mvirp/Big_Instances/Istanze0105/abs9n50_2.dat,6,51,2,30970,14020,2.20899,0,30970,14020,2.20899,0,5,0,0,13120.3,17590,0.745897,1,31881.2,14257,2.23618,0,31881.2,14257,2.23618,0,5,0,0,12950.2,17777,0.728478,1,29754,13367,2.22593,0,29754,13367,2.22593,0,5,0,0,11585.5,15956,0.726087,0,31520.1,13962,2.25756,0,31520.1,13962,2.25756,0,5,0,0,12080.7,16318,0.740332,1,30144.6,13558,2.22338,0,30144.6,13558,2.22338,0,5,0,0,12921,17674,0.731076,2,11585.5,15956,0.726087,5,
/home/andy/Desktop/Curtin/IRPLR/IRPLR/Data/mvirp/Big_Instances/Istanze0105/abs10n50_2.dat,6,51,2,30484.7,13933,2.18795,0,30484.7,13933,2.18795,0,5,0,0,13359.9,18187,0.734586,1,29710.9,13990,2.12373,0,29710.9,13990,2.12373,0,5,0,0,13107.9,17818,0.735657,1,31025.5,13465,2.30416,0,31025.5,13465,2.30416,0,5,0,0,13071.2,18187,0.718709,1,28807.2,13834,2.08235,0,28807.2,13834,2.08235,0,5,0,0,12931,18141,0.712805,1,31733.1,13566,2.33916,0,31733.1,13566,2.33916,0,5,0,0,12724.3,18060,0.704555,1,12724.3,18060,0.704555,5,
/home/andy/Desktop/Curtin/IRPLR/IRPLR/Data/mvirp/Big_Instances/Istanze0105/abs1n100_2.dat,6,101,2,44010.7,28739,1.53139,0,44010.7,28739,1.53139,0,5,0,0,15794.2,35254,0.448012,7,47311.4,27885,1.69666,0,47311.4,27885,1.69666,0,5,0,0,14504.7,33496,0.433029,7,45506.9,28472,1.5983,0,45506.9,28472,1.5983,0,5,0,0,14950.7,34757,0.43015,8,45652.6,28244,1.61637,0,45652.6,28244,1.61637,0,5,0,0,14887.2,34820,0.427548,9,45475.7,28150,1.61548,0,45475.7,28150,1.61548,0,5,0,0,15314.5,34628,0.442257,11,14887.2,34820,0.427548,42,
/home/andy/Desktop/Curtin/IRPLR/IRPLR/Data/mvirp/Big_Instances/Istanze0105/abs2n100_2.dat,6,101,2,43985.8,26640,1.65112,0,43985.8,26640,1.65112,0,5,0,0,15191.5,32015,0.474511,8,47997,26361,1.82076,0,47997,26361,1.82076,0,5,0,0,14205.5,31252,0.454548,7,44079.8,26862,1.64097,0,44079.8,26862,1.64097,0,5,0,0,14252.9,31164,0.457352,8,44046.3,26174,1.68282,0,44046.3,26174,1.68282,0,5,0,0,14130.3,32186,0.439019,6,44234.6,26831,1.64864,0,44234.6,26831,1.64864,0,5,0,0,13759.1,31536,0.436298,6,13759.1,31536,0.436298,35,
/home/andy/Desktop/Curtin/IRPLR/IRPLR/Data/mvirp/Big_Instances/Istanze0105/abs3n100_2.dat,6,101,2,50974.9,28222,1.80621,0,50974.9,28222,1.80621,0,5,0,0,15710.6,32161,0.488498,9,51126.8,28209,1.81243,0,51126.8,28209,1.81243,0,5,0,0,15766.5,32934,0.47873,7,50082.9,28163,1.77832,0,50082.9,28163,1.77832,0,5,0,0,14975.4,31428,0.476499,7,51395.2,27415,1.87471,0,51395.2,27415,1.87471,0,5,0,0,14579.2,31156,0.467943,9,49007.2,27526,1.7804,0,49007.2,27526,1.7804,0,5,0,0,14673.8,31201,0.470299,6,14579.2,31156,0.467943,38,
/home/andy/Desktop/Curtin/IRPLR/IRPLR/Data/mvirp/Big_Instances/Istanze0105/abs4n100_2.dat,6,101,2,49162.5,27361,1.79681,0,49162.5,27361,1.79681,0,5,0,0,16088.9,33627,0.478451,8,50197.9,26979,1.86063,0,50197.9,26979,1.86063,0,5,0,0,15700.4,34186,0.459264,11,49028.4,27214,1.80159,0,49028.4,27214,1.80159,0,5,0,0,16039.5,34265,0.468102,7,49290.6,26616,1.85192,0,49290.6,26616,1.85192,0,5,0,0,15056,34231,0.439835,10,51217.1,26860,1.90682,0,51217.1,26860,1.90682,0,5,0,0,14158.3,32514,0.435452,9,14158.3,32514,0.435452,45,
/home/andy/Desktop/Curtin/IRPLR/IRPLR/Data/mvirp/Big_Instances/Istanze0105/abs5n100_2.dat,6,101,2,53892.8,28865,1.86706,0,53892.8,28865,1.86706,0,5,0,0,15009.7,34397,0.436368,8,54408.5,29086,1.87061,0,54408.5,29086,1.87061,0,5,0,0,14957.2,34511,0.433403,10,54935.6,29426,1.86691,0,54935.6,29426,1.86691,0,5,0,0,14950.6,34502,0.433325,10,55217.2,28377,1.94584,0,55217.2,28377,1.94584,0,5,0,0,14664,35298,0.415433,12,53172.9,29479,1.80375,0,53172.9,29479,1.80375,0,5,0,0,14641.7,35298,0.414804,11,14641.7,35298,0.414804,51,
/home/andy/Desktop/Curtin/IRPLR/IRPLR/Data/mvirp/Big_Instances/Istanze0105/abs6n100_2.dat,6,101,2,48260.5,27565,1.75079,0,48260.5,27565,1.75079,0,5,0,0,16221.3,32089,0.505508,9,49311.2,27075,1.82128,0,49311.2,27075,1.82128,0,5,0,0,15979.2,32820,0.486875,10,47781.4,27529,1.73567,0,47781.4,27529,1.73567,0,5,0,0,15942.4,32853,0.485264,8,48729,27538,1.76952,0,48729,27538,1.76952,0,5,0,0,16054,32993,0.486587,13,46889.8,27227,1.72218,0,46889.8,27227,1.72218,0,5,0,0,15930.7,32679,0.48749,13,15942.4,32853,0.485264,53,
/home/andy/Desktop/Curtin/IRPLR/IRPLR/Data/mvirp/Big_Instances/Istanze0105/abs7n100_2.dat,6,101,2,47514.1,26505,1.79265,0,47514.1,26505,1.79265,0,5,0,0,16272.1,33574,0.484664,10,48945.9,26976,1.81442,0,48945.9,26976,1.81442,0,5,0,0,16725.7,34411,0.486057,11,48448,26710,1.81385,0,48448,26710,1.81385,0,5,0,0,15554.9,31991,0.486228,9,48905.2,26856,1.82102,0,48905.2,26856,1.82102,0,5,0,0,16241.5,34155,0.475523,11,49180.8,26909,1.82767,0,49180.8,26909,1.82767,0,5,0,0,13576.8,32130,0.422558,7,13576.8,32130,0.422558,48,
/home/andy/Desktop/Curtin/IRPLR/IRPLR/Data/mvirp/Big_Instances/Istanze0105/abs8n100_2.dat,6,101,2,44853.8,28250,1.58775,0,44853.8,28250,1.58775,0,5,0,0,16226.7,35464,0.457555,11,45106,28295,1.59413,0,45106,28295,1.59413,0,5,0,0,15892.8,35508,0.447583,7,44325.9,27841,1.59211,0,44325.9,27841,1.59211,0,5,0,0,15620.4,35498,0.440035,7,44049,28037,1.5711,0,44049,28037,1.5711,0,5,0,0,15363.5,35586,0.431728,9,43627.7,26985,1.61674,0,43627.7,26985,1.61674,0,5,0,0,14575,33253,0.438307,9,15363.5,35586,0.431728,43,
/home/andy/Desktop/Curtin/IRPLR/IRPLR/Data/mvirp/Big_Instances/Istanze0105/abs9n100_2.dat,6,101,2,48746.8,28906,1.68639,0,48746.8,28906,1.68639,0,5,0,0,16002.5,33263,0.481089,10,49121.8,28341,1.73324,0,49121.8,28341,1.73324,0,5,0,0,16166.2,35997,0.449098,8,49084.3,28257,1.73707,0,49084.3,28257,1.73707,0,5,0,0,16166.2,36020,0.448811,9,50102.3,28417,1.76311,0,50102.3,28417,1.76311,0,5,0,0,14223.1,32768,0.434056,6,47888.8,27799,1.72268,0,47888.8,27799,1.72268,0,5,0,0,15486.4,34256,0.452078,10,14223.1,32768,0.434056,43,
/home/andy/Desktop/Curtin/IRPLR/IRPLR/Data/mvirp/Big_Instances/Istanze0105/abs10n100_2.dat,6,101,2,45888.1,27583,1.66364,0,45888.1,27583,1.66364,0,5,0,0,15758.8,32602,0.483368,10,47913.2,27348,1.75198,0,47913.2,27348,1.75198,0,5,0,0,15490.3,34793,0.445212,11,45275.7,27713,1.63373,0,45275.7,27713,1.63373,0,5,0,0,15703.3,35458,0.442871,8,47093.9,27454,1.71538,0,47093.9,27454,1.71538,0,5,0,0,14292.5,32841,0.435202,10,48172.8,27246,1.76807,0,48172.8,27246,1.76807,0,5,0,0,14472.1,33856,0.427461,10,14472.1,33856,0.427461,49,
/home/andy/Desktop/Curtin/IRPLR/IRPLR/Data/mvirp/Big_Instances/Istanze0105/abs1n200_2.dat,6,201,2,76766.1,58177,1.31953,0,76766.1,58177,1.31953,0,5,0,0,23529.6,73345,0.320807,79,73291.7,57763,1.26883,0,73291.7,57763,1.26883,0,5,0,0,21674.3,73913,0.29324,73,73832.2,58390,1.26447,0,73832.2,58390,1.26447,0,5,0,0,21371.6,73377,0.291258,71,73068.9,58809,1.24248,0,73068.9,58809,1.24248,0,5,0,0,21506.7,73500,0.292608,62,78402.6,56754,1.38145,0,78402.6,56754,1.38145,0,5,0,0,20154.8,71723,0.281009,57,20154.8,71723,0.281009,342,
/home/andy/Desktop/Curtin/IRPLR/IRPLR/Data/mvirp/Big_Instances/Istanze0105/abs2n200_2.dat,6,201,2,74056.9,58082,1.27504,0,74056.9,58082,1.27504,0,5,0,0,23122.2,72989,0.316791,61,71258.7,58312,1.22202,0,71258.7,58312,1.22202,0,5,0,0,21441.5,72941,0.293956,64,71069.6,59149,1.20153,0,71069.6,59149,1.20153,0,5,0,0,20987.7,72746,0.288506,82,68855.5,59388,1.15942,0,68855.5,59388,1.15942,0,5,0,0,20992.3,75303,0.278771,74,71157.1,58884,1.20843,0,71157.1,58884,1.20843,0,5,0,0,20787.8,73796,0.281693,80,20992.3,75303,0.278771,361,
/home/andy/Desktop/Curtin/IRPLR/IRPLR/Data/mvirp/Big_Instances/Istanze0105/abs3n200_2.dat,6,201,2,72660.6,54808,1.32573,0,72660.6,54808,1.32573,0,5,0,0,19717.5,66227,0.297726,86,71385.6,54320,1.31417,0,71385.6,54320,1.31417,0,5,0,0,19919.6,67453,0.295311,68,69713.4,55010,1.26729,0,69713.4,55010,1.26729,0,5,0,0,19926,68505,0.29087,51,71932.3,55737,1.29057,0,71932.3,55737,1.29057,0,5,0,0,19865.7,68466,0.290154,67,71834.5,55181,1.3018,0,71834.5,55181,1.3018,0,5,0,0,19865.7,68466,0.290154,58,19865.7,68466,0.290154,330,
/home/andy/Desktop/Curtin/IRPLR/IRPLR/Data/mvirp/Big_Instances/Istanze0105/abs4n200_2.dat,6,201,2,76951.1,57827,1.33071,0,76951.1,57827,1.33071,0,5,0,0,22635.1,72475,0.312316,77,76968.5,56981,1.35077,0,76968.5,56981,1.35077,0,5,0,0,21288.7,72366,0.294181,53,76596.9,56768,1.3493,0,76596.9,56768,1.3493,0,5,0,0,21140.6,72457,0.291767,60,76696.9,57939,1.32375,0,76696.9,57939,1.32375,0,5,0,0,20373.4,68893,0.295726,58,75777,56696,1.33655,0,75777,56696,1.33655,0,5,0,0,21188,72781,0.29112,62,21188,72781,0.29112,310,
/home/andy/Desktop/Curtin/IRPLR/IRPLR/Data/mvirp/Big_Instances/Istanze0105/abs5n200_2.dat,6,201,2,75374.4,57847,1.303,0,75374.4,57847,1.303,0,5,0,0,20647.9,68978,0.29934,70,72886.2,57842,1.26009,0,72886.2,57842,1.26009,0,5,0,0,20164.5,69632,0.289586,52,76054.9,58595,1.29798,0,76054.9,58595,1.29798,0,5,0,0,20066,70447,0.284838,71,73504.8,58097,1.26521,0,73504.8,58097,1.26521,0,5,0,0,20402.3,70972,0.287469,61,75123.2,57429,1.30811,0,75123.2,57429,1.30811,0,5,0,0,19628.4,70304,0.279193,81,19628.4,70304,0.279193,335,
/home/andy/Desktop/Curtin/IRPLR/IRPLR/Data/mvirp/Big_Instances/Istanze0105/abs6n200_2.dat,6,201,2,75992.9,58801,1.29237,0,75992.9,58801,1.29237,0,5,0,0,22438.4,73540,0.305119,80,76257.6,57660,1.32254,0,76257.6,57660,1.32254,0,5,0,0,21094.9,73725,0.286129,63,73864.1,56830,1.29974,0,73864.1,56830,1.29974,0,5,0,0,19772,73337,0.269604,68,73670.1,58564,1.25794,0,73670.1,58564,1.25794,0,5,0,0,19393.1,73347,0.264401,70,76084,57954,1.31283,0,76084,57954,1.31283,0,5,0,0,19334.9,73296,0.263792,60,19334.9,73296,0.263792,341,
/home/andy/Desktop/Curtin/IRPLR/IRPLR/Data/mvirp/Big_Instances/Istanze0105/abs7n200_2.dat,6,201,2,75874,51018,1.4872,0,75874,51018,1.4872,0,5,0,0,21692.3,60210,0.360278,80,74886.9,50365,1.48688,0,74886.9,50365,1.48688,0,5,0,0,22092.3,59652,0.370354,84,73993.6,50019,1.47931,0,73993.6,50019,1.47931,0,5,0,0,23250.5,63205,0.367859,96,73724.7,50937,1.44737,0,73724.7,50937,1.44737,0,5,0,0,22815.9,63556,0.358989,76,74796,50933,1.46852,0,74796,50933,1.46852,0,5,0,0,21381.1,62955,0.339625,59,21381.1,62955,0.339625,395,
/home/andy/Desktop/Curtin/IRPLR/IRPLR/Data/mvirp/Big_Instances/Istanze0105/abs8n200_2.dat,6,201,2,72263.8,55506,1.30191,0,72263.8,55506,1.30191,0,5,0,0,21216.7,65749,0.322692,82,70423.1,54571,1.29049,0,70423.1,54571,1.29049,0,5,0,0,20548.8,65933,0.311662,70,71446.5,54195,1.31832,0,71446.5,54195,1.31832,0,5,0,0,20605.2,66594,0.309415,96,69860.8,55213,1.2653,0,69860.8,55213,1.2653,0,5,0,0,19763.7,65806,0.300333,74,70144.7,54149,1.2954,0,70144.7,54149,1.2954,0,5,0,0,19339.7,64706,0.298886,64,19339.7,64706,0.298886,386,
/home/andy/Desktop/Curtin/IRPLR/IRPLR/Data/mvirp/Big_Instances/Istanze0105/abs9n200_2.dat,6,201,2,72581,54943,1.32102,0,72581,54943,1.32102,0,5,0,0,24415.1,68724,0.355264,86,77970.8,54477,1.43126,0,77970.8,54477,1.43126,0,5,0,0,22601.5,66943,0.337623,94,77347.4,54819,1.41096,0,77347.4,54819,1.41096,0,5,0,0,21427.3,66508,0.322177,83,74569.1,55412,1.34572,0,74569.1,55412,1.34572,0,5,0,0,21565.7,66116,0.32618,74,74418.8,54725,1.35987,0,74418.8,54725,1.35987,0,5,0,0,21888.6,70327,0.31124,73,21888.6,70327,0.31124,410,
/home/andy/Desktop/Curtin/IRPLR/IRPLR/Data/mvirp/Big_Instances/Istanze0105/abs10n200_2.dat,6,201,2,73591.8,56707,1.29776,0,73591.8,56707,1.29776,0,5,0,0,21567.6,65605,0.328749,84,72701.3,56762,1.28081,0,72701.3,56762,1.28081,0,5,0,0,20981.7,65277,0.321425,72,71472.3,57326,1.24677,0,71472.3,57326,1.24677,0,5,0,0,19754.7,65528,0.30147,66,70278.5,57536,1.22147,0,70278.5,57536,1.22147,0,5,0,0,19259.1,63537,0.303117,90,73016.3,56124,1.30098,0,73016.3,56124,1.30098,0,5,0,0,20595.6,66568,0.309392,92,19754.7,65528,0.30147,404,
/home/andy/Desktop/Curtin/IRPLR/IRPLR/Data/mvirp/Big_Instances/Istanze0105/abs1n50_3.dat,6,51,3,30186.1,13537,2.2299,0,30186.1,13537,2.2299,0,5,0,0,16367,17219,0.950518,1,28900,13034,2.21728,0,28900,13034,2.21728,0,5,0,0,16514.5,17243,0.957749,1,31582.3,13050,2.4201,0,31582.3,13050,2.4201,0,5,0,0,16279.1,17331,0.939304,2,33258.8,13703,2.42712,0,33258.8,13703,2.42712,0,5,0,0,16288.8,17328,0.940028,1,32829,13337,2.4615,0,32829,13337,2.4615,0,5,0,0,16279.1,17335,0.939087,1,16279.1,17335,0.939087,6,
/home/andy/Desktop/Curtin/IRPLR/IRPLR/Data/mvirp/Big_Instances/Istanze0105/abs2n50_3.dat,6,51,3,31888.2,13478,2.36594,0,31888.2,13478,2.36594,0,5,0,0,16407.8,16166,1.01496,2,33479,13606,2.46061,0,33479,13606,2.46061,0,5,0,0,15690.2,16818,0.93294,1,36318,13158,2.76014,0,36318,13158,2.76014,0,5,0,0,14351.9,15539,0.923608,2,33556.7,13105,2.5606,0,33556.7,13105,2.5606,0,5,0,0,14152.3,15400,0.918981,2,35760.5,13115,2.72669,0,35760.5,13115,2.72669,0,5,0,0,14145,15421,0.917255,1,14145,15421,0.917255,8,
/home/andy/Desktop/Curtin/IRPLR/IRPLR/Data/mvirp/Big_Instances/Istanze0105/abs3n50_3.dat,6,51,3,30331.7,13726,2.2098,0,30331.7,13726,2.2098,0,5,0,0,13275.6,16475,0.805801,1,31852.2,13564,2.34829,0,31852.2,13564,2.34829,0,5,0,0,13023.8,16614,0.783905,1,32652.1,13447,2.42821,0,32652.1,13447,2.42821,0,5,0,0,12956.8,16493,0.785592,1,29437,13053,2.25519,0,29437,13053,2.25519,0,5,0,0,12857.6,16125,0.797371,1,31646.7,13120,2.4121,0,31646.7,13120,2.4121,0,5,0,0,12887.7,16193,0.795879,2,13023.8,16614,0.783905,6,
/home/andy/Desktop/Curtin/IRPLR/IRPLR/Data/mvirp/Big_Instances/Istanze0105/abs4n50_3.dat,6,51,3,32643.4,13584,2.40307,0,32643.4,13584,2.40307,0,5,0,0,14390,15818,0.909723,1,33763.2,13552,2.49138,0,33763.2,13552,2.49138,0,5,0,0,14183.8,15886,0.892849,1,31264.4,13595,2.2997,0,31264.4,13595,2.2997,0,5,0,0,14177.7,15796,0.897548,1,34005.9,13591,2.50209,0,34005.9,13591,2.50209,0,5,0,0,13863.9,15655,0.885588,1,32524.5,13552,2.39998,0,32524.5,13552,2.39998,0,5,0,0,13863.9,15655,0.885588,2,13863.9,15655,0.885588,6,
/home/andy/Desktop/Curtin/IRPLR/IRPLR/Data/mvirp/Big_Instances/Istanze0105/abs5n50_3.dat,6,51,3,31749.9,13374,2.37401,0,31749.9,13374,2.37401,0,5,0,0,13446,15683,0.857363,1,31673.2,13612,2.32686,0,31673.2,13612,2.32686,0,5,0,0,13350.2,15639,0.85365,1,33946.3,13010,2.60925,0,33946.3,13010,2.60925,0,5,0,0,13795.6,16242,0.849376,1,30760,13045,2.35799,0,30760,13045,2.35799,0,5,0,0,13797.7,16307,0.846122,1,32121.5,13305,2.41424,0,32121.5,13305,2.41424,0,5,0,0,13713.5,16191,0.84698,1,13797.7,16307,0.846122,5,
/home/andy/Desktop/Curtin/IRPLR/IRPLR/Data/mvirp/Big_Instances/Istanze0105/abs6n50_3.dat,6,51,3,30946.6,15091,2.05067,0,30946.6,15091,2.05067,0,5,0,0,16348.3,18607,0.878609,2,28520.6,14790,1.92837,0,28520.6,14790,1.92837,0,5,0,0,15961.6,19206,0.831073,1,33727,14899,2.26371,0,33727,14899,2.26371,0,5,0,0,15758.4,19448,0.810286,1,30349.5,14971,2.02722,0,30349.5,14971,2.02722,0,5,0,0,14106.7,18169,0.776418,1,32709.1,15450,2.11709,0,32709.1,15450,2.11709,0,5,0,0,13994.4,18226,0.767827,1,13994.4,18226,0.767827,6,
/home/andy/Desktop/Curtin/IRPLR/IRPLR/Data/mvirp/Big_Instances/Istanze0105/abs7n50_3.dat,6,51,3,33303.5,13173,2.52816,0,33303.5,13173,2.52816,0,5,0,0,15701.3,15498,1.01312,1,30456.1,12789,2.38143,0,30456.1,12789,2.38143,0,5,0,0,15362.8,15930,0.964397,1,33663.5,12701,2.65046,0,33663.5,12701,2.65046,0,5,0,0,14849.4,15933,0.931993,2,33533.2,12830,2.61366,0,33533.2,12830,2.61366,0,5,0,0,14280.8,15860,0.900432,1,35539.3,13003,2.73316,0,35539.3,13003,2.73316,0,5,0,0,14198.9,15797,0.898837,1,14198.9,15797,0.898837,6,
/home/andy/Desktop/Curtin/IRPLR/IRPLR/Data/mvirp/Big_Instances/Istanze0105/abs8n50_3.dat,6,51,3,36248.6,11230,3.22783,0,36248.6,11230,3.22783,0,5,0,0,17496.3,14268,1.22626,2,37244.2,11456,3.25106,0,37244.2,11456,3.25106,0,5,0,0,17356.6,14233,1.21946,1,35653.9,11355,3.13993,0,35653.9,11355,3.13993,0,5,0,0,17356,14233,1.21942,1,36089.9,11378,3.1719,0,36089.9,11378,3.1719,0,5,0,0,16060.6,13449,1.19418,2,36588.4,11199,3.26712,0,36588.4,11199,3.26712,0,5,0,0,15966.9,13435,1.18845,1,15966.9,13435,1.18845,7,
/home/andy/Desktop/Curtin/IRPLR/IRPLR/Data/mvirp/Big_Instances/Istanze0105/abs9n50_3.dat,6,51,3,32416.9,14020,2.31219,0,32416.9,14020,2.31219,0,5,0,0,14363.6,17183,0.835917,1,31999.9,14257,2.2445,0,31999.9,14257,2.2445,0,5,0,0,14020.1,17394,0.80603,1,31964.3,13367,2.39129,0,31964.3,13367,2.39129,0,5,0,0,13525.8,16796,0.805301,1,32093.6,13962,2.29864,0,32093.6,13962,2.29864,0,5,0,0,13165.4,16861,0.780819,2,30426.5,13558,2.24417,0,30426.5,13558,2.24417,0,5,0,0,14202.5,17236,0.824,1,13165.4,16861,0.780819,6,
/home/andy/Desktop/Curtin/IRPLR/IRPLR/Data/mvirp/Big_Instances/Istanze0105/abs10n50_3.dat,6,51,3,31445.9,13933,2.25694,0,31445.9,13933,2.25694,0,5,0,0,15430,17921,0.861,1,32700.7,13990,2.33743,0,32700.7,13990,2.33743,0,5,0,0,13514.6,15773,0.85682,1,30847.7,13465,2.29095,0,30847.7,13465,2.29095,0,5,0,0,13888.1,15952,0.870621,1,32069.3,13834,2.31815,0,32069.3,13834,2.31815,0,5,0,0,13888.1,15952,0.870621,1,32383.3,13566,2.38709,0,32383.3,13566,2.38709,0,5,0,0,13550.6,15454,0.876836,2,13514.6,15773,0.85682,6,
/home/andy/Desktop/Curtin/IRPLR/IRPLR/Data/mvirp/Big_Instances/Istanze0105/abs1n100_3.dat,6,101,3,45079.3,28739,1.56857,0,45079.3,28739,1.56857,0,5,0,0,18639.6,35723,0.521782,10,47485.8,27885,1.70291,0,47485.8,27885,1.70291,0,5,0,0,18009.4,36312,0.495963,9,47668.6,28472,1.67423,0,47668.6,28472,1.67423,0,5,0,0,17682.7,36057,0.490409,10,47085.1,28244,1.66708,0,47085.1,28244,1.66708,0,5,0,0,16138.6,34309,0.470389,7,46563.7,28150,1.65413,0,46563.7,28150,1.65413,0,5,0,0,16510.8,34756,0.475049,9,16138.6,34309,0.470389,45,
/home/andy/Desktop/Curtin/IRPLR/IRPLR/Data/mvirp/Big_Instances/Istanze0105/abs2n100_3.dat,6,101,3,45620.2,26640,1.71247,0,45620.2,26640,1.71247,0,5,0,0,17031.5,34140,0.498873,10,48106,26361,1.82489,0,48106,26361,1.82489,0,5,0,0,16240.3,34139,0.475711,9,45975,26862,1.71153,0,45975,26862,1.71153,0,5,0,0,16027.1,34391,0.466027,9,45124,26174,1.724,0,45124,26174,1.724,0,5,0,0,15110.5,32405,0.466302,9,44525,26831,1.65946,0,44525,26831,1.65946,0,5,0,0,16019,34466,0.464776,8,16019,34466,0.464776,45,
/home/andy/Desktop/Curtin/IRPLR/IRPLR/Data/mvirp/Big_Instances/Istanze0105/abs3n100_3.dat,6,101,3,53659.6,28222,1.90134,0,53659.6,28222,1.90134,0,5,0,0,19009.3,34351,0.553385,10,53042.2,28209,1.88033,0,53042.2,28209,1.88033,0,5,0,0,19004.4,34355,0.553179,10,52342.9,28163,1.85857,0,52342.9,28163,1.85857,0,5,0,0,18343.4,33362,0.54983,8,52933.3,27415,1.93082,0,52933.3,27415,1.93082,0,5,0,0,18647.6,34557,0.539617,9,50316.8,27526,1.82797,0,50316.8,27526,1.82797,0,5,0,0,18796.5,35005,0.536966,7,18796.5,35005,0.536966,44,
/home/andy/Desktop/Curtin/IRPLR/IRPLR/Data/mvirp/Big_Instances/Istanze0105/abs4n100_3.dat,6,101,3,48532,27361,1.77377,0,48532,27361,1.77377,0,5,0,0,15436.4,31428,0.491167,11,50749.1,26979,1.88106,0,50749.1,26979,1.88106,0,5,0,0,15421,31403,0.491069,8,49370.4,27214,1.81416,0,49370.4,27214,1.81416,0,5,0,0,15513,31818,0.487555,9,50576.7,26616,1.90024,0,50576.7,26616,1.90024,0,5,0,0,15019.7,31997,0.469409,8,50471.4,26860,1.87905,0,50471.4,26860,1.87905,0,5,0,0,15066.2,32051,0.470069,8,15019.7,31997,0.469409,44,
/home/andy/Desktop/Curtin/IRPLR/IRPLR/Data/mvirp/Big_Instances/Istanze0105/abs5n100_3.dat,6,101,3,53623.1,28865,1.85772,0,53623.1,28865,1.85772,0,5,0,0,18087.1,37601,0.481027,9,54661.6,29086,1.87931,0,54661.6,29086,1.87931,0,5,0,0,16510,35963,0.459084,9,54842.8,29426,1.86375,0,54842.8,29426,1.86375,0,5,0,0,16698.3,36657,0.455529,10,55065.9,28377,1.94051,0,55065.9,28377,1.94051,0,5,0,0,15490.5,36076,0.429386,8,52755.3,29479,1.78959,0,52755.3,29479,1.78959,0,5,0,0,15417.6,36264,0.42515,8,15417.6,36264,0.42515,44,
/home/andy/Desktop/Curtin/IRPLR/IRPLR/Data/mvirp/Big_Instances/Istanze0105/abs6n100_3.dat,6,101,3,49165.1,27565,1.78361,0,49165.1,27565,1.78361,0,5,0,0,19299.3,33598,0.574418,10,50509,27075,1.86552,0,50509,27075,1.86552,0,5,0,0,19212.7,33598,0.571839,9,49651.1,27529,1.80359,0,49651.1,27529,1.80359,0,5,0,0,18928.7,33858,0.55906,9,51155.2,27538,1.85762,0,51155.2,27538,1.85762,0,5,0,0,19725.5,34567,0.570644,9,49250.2,27227,1.80887,0,49250.2,27227,1.80887,0,5,0,0,19353.7,33909,0.570754,10,18928.7,33858,0.55906,47,
/home/andy/Desktop/Curtin/IRPLR/IRPLR/Data/mvirp/Big_Instances/Istanze0105/abs7n100_3.dat,6,101,3,48903.9,26505,1.84508,0,48903.9,26505,1.84508,0,5,0,0,18204,34991,0.520247,12,51180.6,26976,1.89726,0,51180.6,26976,1.89726,0,5,0,0,17048.4,34748,0.490631,8,50477.8,26584,1.8988,0,50477.8,26584,1.8988,0,5,0,0,16629.7,34819,0.477604,10,50939.9,26856,1.89678,0,50939.9,26856,1.89678,0,5,0,0,16438.9,34678,0.474044,9,51201.3,26909,1.90276,0,51201.3,26909,1.90276,0,5,0,0,13927,30450,0.457372,7,13927,30450,0.457372,46,
/home/andy/Desktop/Curtin/IRPLR/IRPLR/Data/mvirp/Big_Instances/Istanze0105/abs8n100_3.dat,6,101,3,45964.9,28250,1.62708,0,45964.9,28250,1.62708,0,5,0,0,18343.2,34926,0.525203,9,44460.2,28295,1.57131,0,44460.2,28295,1.57131,0,5,0,0,17899.3,35070,0.510387,6,46617.7,27841,1.67442,0,46617.7,27841,1.67442,0,5,0,0,17986.5,35246,0.510314,10,44371.9,28037,1.58262,0,44371.9,28037,1.58262,0,5,0,0,17807.7,35408,0.502929,8,43990.8,26985,1.63019,0,43990.8,26985,1.63019,0,5,0,0,18157.9,35651,0.509323,10,17807.7,35408,0.502929,43,
/home/andy/Desktop/Curtin/IRPLR/IRPLR/Data/mvirp/Big_Instances/Istanze0105/abs9n100_3.dat,6,101,3,49754.8,28906,1.72126,0,49754.8,28906,1.72126,0,5,0,0,19053.7,35147,0.542114,9,50202.9,28341,1.77139,0,50202.9,28341,1.77139,0,5,0,0,20061.2,36453,0.550331,8,51327.9,28257,1.81647,0,51327.9,28257,1.81647,0,5,0,0,18770.2,35444,0.529574,8,51404.8,28417,1.80895,0,51404.8,28417,1.80895,0,5,0,0,18601.9,35264,0.527503,8,49046.8,27799,1.76434,0,49046.8,27799,1.76434,0,5,0,0,18277.5,35440,0.515731,9,18277.5,35440,0.515731,42,
/home/andy/Desktop/Curtin/IRPLR/IRPLR/Data/mvirp/Big_Instances/Istanze0105/abs10n100_3.dat,6,101,3,46748,27583,1.69481,0,46748,27583,1.69481,0,5,0,0,17089.8,33055,0.517011,9,49133.7,27348,1.79661,0,49133.7,27348,1.79661,0,5,0,0,16204,34195,0.473869,10,46688.8,27713,1.68473,0,46688.8,27713,1.68473,0,5,0,0,16112.9,34321,0.469478,7,48511.9,27454,1.76703,0,48511.9,27454,1.76703,0,5,0,0,16216.7,34321,0.472502,8,48611.5,27246,1.78417,0,48611.5,27246,1.78417,0,5,0,0,15851.7,34362,0.461315,7,15851.7,34362,0.461315,41,
/home/andy/Desktop/Curtin/IRPLR/IRPLR/Data/mvirp/Big_Instances/Istanze0105/abs1n200_3.dat,6,201,3,77374.9,58177,1.32999,0,77374.9,58177,1.32999,0,5,0,0,21831.7,70733,0.308649,87,74599.7,57763,1.29148,0,74599.7,57763,1.29148,0,5,0,0,21667.2,71493,0.303068,66,74166.9,58390,1.2702,0,74166.9,58390,1.2702,0,5,0,0,20969.5,70261,0.298452,66,74980.1,58809,1.27498,0,74980.1,58809,1.27498,0,5,0,0,20927.7,71112,0.294292,57,78752.7,56754,1.38761,0,78752.7,56754,1.38761,0,5,0,0,20917.1,71114,0.294134,60,20917.1,71114,0.294134,336,
/home/andy/Desktop/Curtin/IRPLR/IRPLR/Data/mvirp/Big_Instances/Istanze0105/abs2n200_3.dat,6,201,3,74333.6,58082,1.2798,0,74333.6,58082,1.2798,0,5,0,0,24001.5,76144,0.315212,88,71948.8,58312,1.23386,0,71948.8,58312,1.23386,0,5,0,0,22070,72439,0.30467,59,71413.1,59149,1.20734,0,71413.1,59149,1.20734,0,5,0,0,21584.3,72084,0.299433,56,70050.5,59388,1.17954,0,70050.5,59388,1.17954,0,5,0,0,22426.9,74120,0.302575,78,72830.4,58884,1.23685,0,72830.4,58884,1.23685,0,5,0,0,21263.8,69853,0.304408,60,21584.3,72084,0.299433,341,
/home/andy/Desktop/Curtin/IRPLR/IRPLR/Data/mvirp/Big_Instances/Istanze0105/abs3n200_3.dat,6,201,3,75348.4,54808,1.37477,0,75348.4,54808,1.37477,0,5,0,0,22819.4,66727,0.341981,89,72670.4,54320,1.33782,0,72670.4,54320,1.33782,0,5,0,0,22224,67112,0.331149,61,71112.9,55010,1.29273,0,71112.9,55010,1.29273,0,5,0,0,22703,67711,0.335292,67,73961.9,55737,1.32698,0,73961.9,55737,1.32698,0,5,0,0,22036,67638,0.325794,73,73402.2,55181,1.33021,0,73402.2,55181,1.33021,0,5,0,0,21364.5,68301,0.312799,78,21364.5,68301,0.312799,368,
/home/andy/Desktop/Curtin/IRPLR/IRPLR/Data/mvirp/Big_Instances/Istanze0105/abs4n200_3.dat,6,201,3,78299.8,57827,1.35403,0,78299.8,57827,1.35403,0,5,0,0,25982,72482,0.358462,68,77708.4,56981,1.36376,0,77708.4,56981,1.36376,0,5,0,0,23237.2,70334,0.330384,49,77550.6,56768,1.3661,0,77550.6,56768,1.3661,0,5,0,0,22898.7,71111,0.322014,68,78378.4,57939,1.35278,0,78378.4,57939,1.35278,0,5,0,0,22553.1,71968,0.313377,63,75867.2,56696,1.33814,0,75867.2,56696,1.33814,0,5,0,0,22653.3,72384,0.31296,81,22653.3,72384,0.31296,329,
/home/andy/Desktop/Curtin/IRPLR/IRPLR/Data/mvirp/Big_Instances/Istanze0105/abs5n200_3.dat,6,201,3,76596.8,57847,1.32413,0,76596.8,57847,1.32413,0,5,0,0,24043.8,73640,0.326505,95,75851.5,57842,1.31136,0,75851.5,57842,1.31136,0,5,0,0,22455.7,69967,0.320946,90,75922.8,58595,1.29572,0,75922.8,58595,1.29572,0,5,0,0,22966.4,73624,0.311941,69,73937.3,58097,1.27265,0,73937.3,58097,1.27265,0,5,0,0,22585.1,73202,0.308531,74,76219.8,57429,1.3272,0,76219.8,57429,1.3272,0,5,0,0,21303.7,68958,0.308937,70,22585.1,73202,0.308531,398,
/home/andy/Desktop/Curtin/IRPLR/IRPLR/Data/mvirp/Big_Instances/Istanze0105/abs6n200_3.dat,6,201,3,77306,58801,1.31471,0,77306,58801,1.31471,0,5,0,0,24006,72407,0.331542,76,78198.4,57660,1.3562,0,78198.4,57660,1.3562,0,5,0,0,22379.2,71720,0.312036,69,73063.8,56830,1.28566,0,73063.8,56830,1.28566,0,5,0,0,21819.6,70993,0.307348,96,75107.5,58564,1.28249,0,75107.5,58564,1.28249,0,5,0,0,22221.1,71384,0.311289,113,77506,57954,1.33737,0,77506,57954,1.33737,0,5,0,0,21553.7,70582,0.305371,77,21553.7,70582,0.305371,431,
/home/andy/Desktop/Curtin/IRPLR/IRPLR/Data/mvirp/Big_Instances/Istanze0105/abs7n200_3.dat,6,201,3,75992,51018,1.48951,0,75992,51018,1.48951,0,5,0,0,25705.4,66420,0.387012,131,75048.2,50365,1.49009,0,75048.2,50365,1.49009,0,5,0,0,24279.6,62800,0.386617,94,73971.7,50019,1.47887,0,73971.7,50019,1.47887,0,5,0,0,23055.1,62856,0.366792,90,75304.7,50937,1.47839,0,75304.7,50937,1.47839,0,5,0,0,22624.6,62923,0.35956,84,75078.5,50933,1.47406,0,75078.5,50933,1.47406,0,5,0,0,22553.2,64418,0.350107,94,22553.2,64418,0.350107,493,
/home/andy/Desktop/Curtin/IRPLR/IRPLR/Data/mvirp/Big_Instances/Istanze0105/abs8n200_3.dat,6,201,3,73413,55506,1.32261,0,73413,55506,1.32261,0,5,0,0,24782.4,70288,0.352584,104,70603.1,54571,1.29379,0,70603.1,54571,1.29379,0,5,0,0,22276.1,66486,0.33505,66,71683,54195,1.32269,0,71683,54195,1.32269,0,5,0,0,22076.9,67117,0.328932,109,70920.4,55213,1.28449,0,70920.4,55213,1.28449,0,5,0,0,22122.1,68379,0.323522,95,70035.7,54149,1.29339,0,70035.7,54149,1.29339,0,5,0,0,21812.3,69249,0.314984,67,21812.3,69249,0.314984,441,
/home/andy/Desktop/Curtin/IRPLR/IRPLR/Data/mvirp/Big_Instances/Istanze0105/abs9n200_3.dat,6,201,3,73535.9,54943,1.3384,0,73535.9,54943,1.3384,0,5,0,0,25427.5,69044,0.36828,97,78375.6,54477,1.43869,0,78375.6,54477,1.43869,0,5,0,0,24007.8,69004,0.347919,78,77274.8,54819,1.40963,0,77274.8,54819,1.40963,0,5,0,0,23232.1,70771,0.328272,84,76085.5,55412,1.37309,0,76085.5,55412,1.37309,0,5,0,0,23448.4,70890,0.330771,104,76793.3,54725,1.40326,0,76793.3,54725,1.40326,0,5,0,0,23509.7,70893,0.331622,103,23232.1,70771,0.328272,466,
/home/andy/Desktop/Curtin/IRPLR/IRPLR/Data/mvirp/Big_Instances/Istanze0105/abs10n200_3.dat,6,201,3,74180.6,56707,1.30814,0,74180.6,56707,1.30814,0,5,0,0,24776,70256,0.352653,102,75179.2,56762,1.32446,0,75179.2,56762,1.32446,0,5,0,0,24181.3,74526,0.324469,67,72219.8,57326,1.25981,0,72219.8,57326,1.25981,0,5,0,0,24307.1,74952,0.324303,108,71873.1,57536,1.24918,0,71873.1,57536,1.24918,0,5,0,0,23301.4,73126,0.318647,91,72491.1,56124,1.29162,0,72491.1,56124,1.29162,0,5,0,0,21814.3,69362,0.314499,58,21814.3,69362,0.314499,426,
/home/andy/Desktop/Curtin/IRPLR/IRPLR/Data/mvirp/Big_Instances/Istanze0105/abs1n50_4.dat,6,51,4,32346.5,13537,2.38948,0,32346.5,13537,2.38948,0,5,0,0,17903.4,16116,1.11091,2,31316.6,13034,2.40269,0,31316.6,13034,2.40269,0,5,0,0,18826.5,16417,1.14677,2,33518.7,13050,2.56849,0,33518.7,13050,2.56849,0,5,0,0,17707.2,15910,1.11296,1,33822.8,13703,2.46828,0,33822.8,13703,2.46828,0,5,0,0,18465.5,16353,1.12918,2,33692.3,13337,2.52623,0,33692.3,13337,2.52623,0,5,0,0,18286.5,16386,1.11598,2,17903.4,16116,1.11091,9,
/home/andy/Desktop/Curtin/IRPLR/IRPLR/Data/mvirp/Big_Instances/Istanze0105/abs2n50_4.dat,6,51,4,35826.4,13478,2.65814,0,35826.4,13478,2.65814,0,5,0,0,19236.1,16317,1.1789,1,35917,13606,2.63979,0,35917,13606,2.63979,0,5,0,0,17782.3,15511,1.14643,1,39545.1,13158,3.00541,0,39545.1,13158,3.00541,0,5,0,0,17840.7,16022,1.11351,1,35100.1,13105,2.67837,0,35100.1,13105,2.67837,0,5,0,0,17485.1,16158,1.08213,2,38432.5,13115,2.93042,0,38432.5,13115,2.93042,0,5,0,0,17487.1,16158,1.08225,1,17485.1,16158,1.08213,6,
/home/andy/Desktop/Curtin/IRPLR/IRPLR/Data/mvirp/Big_Instances/Istanze0105/abs3n50_4.dat,6,51,4,31562.4,13726,2.29946,0,31562.4,13726,2.29946,0,5,0,0,16439.3,17054,0.963955,1,30974.9,13564,2.28361,0,30974.9,13564,2.28361,0,5,0,0,15543,16787,0.925896,2,34869.9,13447,2.59314,0,34869.9,13447,2.59314,0,5,0,0,15574.7,16756,0.9295,1,31333.2,13053,2.40046,0,31333.2,13053,2.40046,0,5,0,0,14454.3,16182,0.89323,1,34538.6,13120,2.63252,0,34538.6,13120,2.63252,0,5,0,0,15011.3,16801,0.893479,2,14454.3,16182,0.89323,7,
/home/andy/Desktop/Curtin/IRPLR/IRPLR/Data/mvirp/Big_Instances/Istanze0105/abs4n50_4.dat,6,51,4,34085,13584,2.5092,0,34085,13584,2.5092,0,5,0,0,17582.5,15687,1.12083,1,34350.6,13552,2.53472,0,34350.6,13552,2.53472,0,5,0,0,17029.9,15617,1.09047,1,32540.8,13595,2.39358,0,32540.8,13595,2.39358,0,5,0,0,16617.3,15638,1.06262,2,34982.9,13591,2.57398,0,34982.9,13591,2.57398,0,5,0,0,16492.6,15568,1.05939,2,34502.6,13552,2.54594,0,34502.6,13552,2.54594,0,5,0,0,16368.9,15154,1.08017,2,16492.6,15568,1.05939,8,
/home/andy/Desktop/Curtin/IRPLR/IRPLR/Data/mvirp/Big_Instances/Istanze0105/abs5n50_4.dat,6,51,4,32100.8,13374,2.40024,0,32100.8,13374,2.40024,0,5,0,0,15682.4,15087,1.03946,1,33333.2,13612,2.44881,0,33333.2,13612,2.44881,0,5,0,0,15384.5,15411,0.998278,1,35080.4,13010,2.69642,0,35080.4,13010,2.69642,0,5,0,0,15254,15659,0.974138,2,31195.2,13045,2.39135,0,31195.2,13045,2.39135,0,5,0,0,16337.7,16391,0.996747,1,33775.4,13305,2.53855,0,33775.4,13305,2.53855,0,5,0,0,15248,15748,0.968247,2,15248,15748,0.968247,7,
/home/andy/Desktop/Curtin/IRPLR/IRPLR/Data/mvirp/Big_Instances/Istanze0105/abs6n50_4.dat,6,51,4,32247.6,15091,2.13687,0,32247.6,15091,2.13687,0,5,0,0,18202.9,18544,0.981608,2,30794,14790,2.08208,0,30794,14790,2.08208,0,5,0,0,17417.2,18063,0.964246,1,34019.7,14899,2.28336,0,34019.7,14899,2.28336,0,5,0,0,17273.4,18186,0.94982,2,33031.9,14971,2.20639,0,33031.9,14971,2.20639,0,5,0,0,16809.7,18023,0.932683,1,34418.4,15450,2.22773,0,34418.4,15450,2.22773,0,5,0,0,16903.8,18031,0.937484,1,16809.7,18023,0.932683,7,
/home/andy/Desktop/Curtin/IRPLR/IRPLR/Data/mvirp/Big_Instances/Istanze0105/abs7n50_4.dat,6,51,4,32356.2,13173,2.45625,0,32356.2,13173,2.45625,0,5,0,0,17764.8,15470,1.14834,2,31005,12789,2.42435,0,31005,12789,2.42435,0,5,0,0,16363,14814,1.10456,2,34607.8,12701,2.72481,0,34607.8,12701,2.72481,0,5,0,0,16176,15007,1.0779,1,34537.3,12830,2.69192,0,34537.3,12830,2.69192,0,5,0,0,15550.3,14536,1.06978,2,34793.1,13003,2.67577,0,34793.1,13003,2.67577,0,5,0,0,16155.5,15038,1.07431,1,15550.3,14536,1.06978,8,
/home/andy/Desktop/Curtin/IRPLR/IRPLR/Data/mvirp/Big_Instances/Istanze0105/abs8n50_4.dat,6,51,4,36568.2,11230,3.25629,0,36568.2,11230,3.25629,0,5,0,0,23085.6,14624,1.57861,2,38269.2,11456,3.34054,0,38269.2,11456,3.34054,0,5,0,0,20834.2,13722,1.5183,2,38851.6,11355,3.42154,0,38851.6,11355,3.42154,0,5,0,0,20972.1,13914,1.50726,1,38953.5,11378,3.42358,0,38953.5,11378,3.42358,0,5,0,0,21254.4,13986,1.51969,2,36953.9,11199,3.29975,0,36953.9,11199,3.29975,0,5,0,0,20693.9,13870,1.49199,1,20693.9,13870,1.49199,8,
/home/andy/Desktop/Curtin/IRPLR/IRPLR/Data/mvirp/Big_Instances/Istanze0105/abs9n50_4.dat,6,51,4,32851.1,14020,2.34316,0,32851.1,14020,2.34316,0,5,0,0,17483.6,17943,0.974397,2,34137.6,14257,2.39445,0,34137.6,14257,2.39445,0,5,0,0,16956,17879,0.948375,1,33839.7,13367,2.53158,0,33839.7,13367,2.53158,0,5,0,0,16399.7,17515,0.936325,2,34589,13962,2.47737,0,34589,13962,2.47737,0,5,0,0,16264,17358,0.936977,1,33092.4,13558,2.4408,0,33092.4,13558,2.4408,0,5,0,0,16363.8,17483,0.935986,1,16363.8,17483,0.935986,7,
/home/andy/Desktop/Curtin/IRPLR/IRPLR/Data/mvirp/Big_Instances/Istanze0105/abs10n50_4.dat,6,51,4,34144.9,13933,2.45065,0,34144.9,13933,2.45065,0,5,0,0,18374.1,17509,1.04941,2,33930.9,13990,2.42537,0,33930.9,13990,2.42537,0,5,0,0,17482.2,17650,0.990493,1,33423.8,13465,2.48227,0,33423.8,13465,2.48227,0,5,0,0,17580,17744,0.990755,2,31875.6,13834,2.30415,0,31875.6,13834,2.30415,0,5,0,0,17033,17409,0.978399,1,34749.5,13566,2.56151,0,34749.5,13566,2.56151,0,5,0,0,16616.3,17056,0.97422,2,16616.3,17056,0.97422,8,
/home/andy/Desktop/Curtin/IRPLR/IRPLR/Data/mvirp/Big_Instances/Istanze0105/abs1n100_4.dat,6,101,4,45895.3,28739,1.59697,0,45895.3,28739,1.59697,0,5,0,0,19721.9,34715,0.568108,13,49753.7,27885,1.78424,0,49753.7,27885,1.78424,0,5,0,0,19391.8,35139,0.551859,10,48363.1,28472,1.69862,0,48363.1,28472,1.69862,0,5,0,0,19566.6,35781,0.546844,10,46729.4,28244,1.65449,0,46729.4,28244,1.65449,0,5,0,0,18745.8,34778,0.539013,10,46966.7,28150,1.66844,0,46966.7,28150,1.66844,0,5,0,0,18777.8,35001,0.536493,12,18777.8,35001,0.536493,55,
/home/andy/Desktop/Curtin/IRPLR/IRPLR/Data/mvirp/Big_Instances/Istanze0105/abs2n100_4.dat,6,101,4,46055.4,26640,1.72881,0,46055.4,26640,1.72881,0,5,0,0,17454.1,31145,0.560415,12,49227.5,26361,1.86744,0,49227.5,26361,1.86744,0,5,0,0,17870.2,32036,0.557815,15,45981.3,26862,1.71176,0,45981.3,26862,1.71176,0,5,0,0,17487.4,32071,0.545271,12,46338,26174,1.77038,0,46338,26174,1.77038,0,5,0,0,17618.3,32340,0.544783,11,46658,26831,1.73896,0,46658,26831,1.73896,0,5,0,0,17535.9,32297,0.542959,11,17535.9,32297,0.542959,61,
/home/andy/Desktop/Curtin/IRPLR/IRPLR/Data/mvirp/Big_Instances/Istanze0105/abs3n100_4.dat,6,101,4,54816.5,28222,1.94233,0,54816.5,28222,1.94233,0,5,0,0,20806.9,33397,0.623018,10,54310.9,28209,1.9253,0,54310.9,28209,1.9253,0,5,0,0,19033.9,32936,0.577906,10,53713.3,28163,1.90723,0,53713.3,28163,1.90723,0,5,0,0,19062.1,33503,0.568967,10,53581.2,27415,1.95445,0,53581.2,27415,1.95445,0,5,0,0,19513.5,33768,0.577871,11,51891.2,27526,1.88517,0,51891.2,27526,1.88517,0,5,0,0,18872.4,33730,0.559513,9,18872.4,33730,0.559513,50,
/home/andy/Desktop/Curtin/IRPLR/IRPLR/Data/mvirp/Big_Instances/Istanze0105/abs4n100_4.dat,6,101,4,50722.6,27361,1.85383,0,50722.6,27361,1.85383,0,5,0,0,18921.1,34660,0.545906,14,54753.1,26979,2.02947,0,54753.1,26979,2.02947,0,5,0,0,17829.4,34023,0.524041,13,52873.2,27214,1.94287,0,52873.2,27214,1.94287,0,5,0,0,18003.8,33801,0.53264,9,52083.4,26616,1.95684,0,52083.4,26616,1.95684,0,5,0,0,17279.4,33969,0.508681,13,53595.6,26860,1.99537,0,53595.6,26860,1.99537,0,5,0,0,17190.2,33925,0.506712,9,17190.2,33925,0.506712,58,
/home/andy/Desktop/Curtin/IRPLR/IRPLR/Data/mvirp/Big_Instances/Istanze0105/abs5n100_4.dat,6,101,4,55683.9,28865,1.92911,0,55683.9,28865,1.92911,0,5,0,0,19460,35772,0.544,13,56471.6,29086,1.94154,0,56471.6,29086,1.94154,0,5,0,0,18554.4,37472,0.495154,11,56993.5,29426,1.93684,0,56993.5,29426,1.93684,0,5,0,0,17505,35446,0.493851,10,57157.4,28377,2.01422,0,57157.4,28377,2.01422,0,5,0,0,17320.9,35602,0.486514,8,54160.7,29479,1.83726,0,54160.7,29479,1.83726,0,5,0,0,17016.8,35551,0.478658,9,17016.8,35551,0.478658,51,
/home/andy/Desktop/Curtin/IRPLR/IRPLR/Data/mvirp/Big_Instances/Istanze0105/abs6n100_4.dat,6,101,4,51550.6,27565,1.87015,0,51550.6,27565,1.87015,0,5,0,0,22565.7,34641,0.651416,13,51263.9,27075,1.8934,0,51263.9,27075,1.8934,0,5,0,0,22447.6,34745,0.646068,14,51581,27529,1.8737,0,51581,27529,1.8737,0,5,0,0,22003.8,35112,0.626675,11,50800.1,27538,1.84473,0,50800.1,27538,1.84473,0,5,0,0,21978.1,35113,0.625926,13,49117.7,27227,1.80401,0,49117.7,27227,1.80401,0,5,0,0,20120.7,33008,0.60957,11,20120.7,33008,0.60957,62,
/home/andy/Desktop/Curtin/IRPLR/IRPLR/Data/mvirp/Big_Instances/Istanze0105/abs7n100_4.dat,6,101,4,50557.6,26505,1.90747,0,50557.6,26505,1.90747,0,5,0,0,19320,32994,0.585562,12,52152.8,26976,1.9333,0,52152.8,26976,1.9333,0,5,0,0,18944.5,33634,0.563254,10,52156.4,26710,1.95269,0,52156.4,26710,1.95269,0,5,0,0,18625.5,33617,0.554051,12,49971.1,26856,1.86071,0,49971.1,26856,1.86071,0,5,0,0,18776.1,33943,0.553167,11,52234.9,26909,1.94117,0,52234.9,26909,1.94117,0,5,0,0,18660.6,33961,0.549472,8,18660.6,33961,0.549472,53,
/home/andy/Desktop/Curtin/IRPLR/IRPLR/Data/mvirp/Big_Instances/Istanze0105/abs8n100_4.dat,6,101,4,48265.8,28250,1.70852,0,48265.8,28250,1.70852,0,5,0,0,19416.6,32189,0.603206,11,48390.4,28295,1.71021,0,48390.4,28295,1.71021,0,5,0,0,19287.1,32341,0.596368,11,47947.2,27841,1.72218,0,47947.2,27841,1.72218,0,5,0,0,19503.9,32222,0.605297,11,47200.6,28037,1.68351,0,47200.6,28037,1.68351,0,5,0,0,19355.3,32341,0.598477,11,47191.7,26985,1.74881,0,47191.7,26985,1.74881,0,5,0,0,19062.8,32341,0.589433,11,19062.8,32341,0.589433,55,
/home/andy/Desktop/Curtin/IRPLR/IRPLR/Data/mvirp/Big_Instances/Istanze0105/abs9n100_4.dat,6,101,4,52535.9,28906,1.81747,0,52535.9,28906,1.81747,0,5,0,0,22284.6,35946,0.619946,9,53687.6,28341,1.89435,0,53687.6,28341,1.89435,0,5,0,0,20466.8,34343,0.595953,10,53026.9,28257,1.87659,0,53026.9,28257,1.87659,0,5,0,0,20279,34706,0.584308,12,54644.8,28417,1.92296,0,54644.8,28417,1.92296,0,5,0,0,20877.4,36271,0.575596,10,50816.6,27799,1.828,0,50816.6,27799,1.828,0,5,0,0,20819.5,36360,0.572593,11,20819.5,36360,0.572593,52,
/home/andy/Desktop/Curtin/IRPLR/IRPLR/Data/mvirp/Big_Instances/Istanze0105/abs10n100_4.dat,6,101,4,48423.1,27583,1.75554,0,48423.1,27583,1.75554,0,5,0,0,19102,34888,0.547524,12,48870.1,27348,1.78697,0,48870.1,27348,1.78697,0,5,0,0,19040.8,35549,0.535623,13,47449.7,27713,1.71218,0,47449.7,27713,1.71218,0,5,0,0,18824.2,35493,0.530362,10,48154.8,27454,1.75402,0,48154.8,27454,1.75402,0,5,0,0,17894,34442,0.519539,11,49294,27246,1.80922,0,49294,27246,1.80922,0,5,0,0,18022,34647,0.520161,9,17894,34442,0.519539,55,
/home/andy/Desktop/Curtin/IRPLR/IRPLR/Data/mvirp/Big_Instances/Istanze0105/abs1n200_4.dat,6,201,4,77883.4,58177,1.33873,0,77883.4,58177,1.33873,0,5,0,0,23940.4,68901,0.347461,102,75530.7,57763,1.3076,0,75530.7,57763,1.3076,0,5,0,0,20825.2,64302,0.323865,62,76095.8,58390,1.30323,0,76095.8,58390,1.30323,0,5,0,0,20727.5,65480,0.316548,83,75040.4,58809,1.276,0,75040.4,58809,1.276,0,5,0,0,20517.3,63879,0.32119,71,80500.6,56754,1.41841,0,80500.6,56754,1.41841,0,5,0,0,20507,66007,0.310679,67,20507,66007,0.310679,385,
/home/andy/Desktop/Curtin/IRPLR/IRPLR/Data/mvirp/Big_Instances/Istanze0105/abs2n200_4.dat,6,201,4,76707.4,58082,1.32067,0,76707.4,58082,1.32067,0,5,0,0,22922.4,66748,0.343417,62,73965.7,58312,1.26845,0,73965.7,58312,1.26845,0,5,0,0,22600.5,66780,0.338433,67,72270,59149,1.22183,0,72270,59149,1.22183,0,5,0,0,22314.6,66661,0.334748,79,70657.3,59388,1.18976,0,70657.3,59388,1.18976,0,5,0,0,21982.6,65006,0.338163,86,72791.6,58884,1.23619,0,72791.6,58884,1.23619,0,5,0,0,22250.6,66840,0.332893,115,22250.6,66840,0.332893,409,
/home/andy/Desktop/Curtin/IRPLR/IRPLR/Data/mvirp/Big_Instances/Istanze0105/abs3n200_4.dat,6,201,4,75960,54808,1.38593,0,75960,54808,1.38593,0,5,0,0,28202.9,68673,0.410683,107,75362,54320,1.38737,0,75362,54320,1.38737,0,5,0,0,27155.8,70625,0.384508,92,72762.3,55010,1.32271,0,72762.3,55010,1.32271,0,5,0,0,27542.9,72918,0.377724,107,75798.7,55737,1.35994,0,75798.7,55737,1.35994,0,5,0,0,26549.5,71496,0.371343,83,74952.7,55181,1.35831,0,74952.7,55181,1.35831,0,5,0,0,26549.5,71953,0.368984,79,26549.5,71953,0.368984,468,
/home/andy/Desktop/Curtin/IRPLR/IRPLR/Data/mvirp/Big_Instances/Istanze0105/abs4n200_4.dat,6,201,4,78730.7,57827,1.36149,0,78730.7,57827,1.36149,0,5,0,0,24527.6,71696,0.342105,94,78019.7,56981,1.36922,0,78019.7,56981,1.36922,0,5,0,0,23918.3,71560,0.334242,76,77193.3,56768,1.3598,0,77193.3,56768,1.3598,0,5,0,0,22033.9,66807,0.329814,74,79430.1,57939,1.37093,0,79430.1,57939,1.37093,0,5,0,0,21808.8,68481,0.318465,78,76718.4,56696,1.35315,0,76718.4,56696,1.35315,0,5,0,0,21775.4,68486,0.317955,92,21775.4,68486,0.317955,414,
/home/andy/Desktop/Curtin/IRPLR/IRPLR/Data/mvirp/Big_Instances/Istanze0105/abs5n200_4.dat,6,201,4,78274.9,57847,1.35314,0,78274.9,57847,1.35314,0,5,0,0,26882.4,73067,0.367914,105,76474.9,57842,1.32213,0,76474.9,57842,1.32213,0,5,0,0,23985.6,68389,0.350724,85,79723.2,58595,1.36058,0,79723.2,58595,1.36058,0,5,0,0,25080.4,72651,0.345218,91,75132.8,58097,1.29323,0,75132.8,58097,1.29323,0,5,0,0,23621.2,68810,0.343281,90,79223.2,57429,1.3795,0,79223.2,57429,1.3795,0,5,0,0,23066.6,68963,0.334477,74,23066.6,68963,0.334477,445,
/home/andy/Desktop/Curtin/IRPLR/IRPLR/Data/mvirp/Big_Instances/Istanze0105/abs6n200_4.dat,6,201,4,78872.3,58801,1.34134,0,78872.3,58801,1.34134,0,5,0,0,26499.8,74108,0.357583,92,78168.4,57660,1.35568,0,78168.4,57660,1.35568,0,5,0,0,25785.4,74264,0.347213,89,77045.2,56830,1.35571,0,77045.2,56830,1.35571,0,5,0,0,24062.6,71048,0.338681,78,76429.6,58564,1.30506,0,76429.6,58564,1.30506,0,5,0,0,21874.6,66056,0.331153,77,78025.3,57954,1.34633,0,78025.3,57954,1.34633,0,5,0,0,21895.5,69230,0.316272,73,21895.5,69230,0.316272,409,
/home/andy/Desktop/Curtin/IRPLR/IRPLR/Data/mvirp/Big_Instances/Istanze0105/abs7n200_4.dat,6,201,4,79244.5,51018,1.55327,0,79244.5,51018,1.55327,0,5,0,0,25779.3,61631,0.418285,108,77762.1,50365,1.54397,0,77762.1,50365,1.54397,0,5,0,0,24249.8,61523,0.394158,95,77438.9,50019,1.54819,0,77438.9,50019,1.54819,0,5,0,0,23479.9,61999,0.378715,84,75704.2,50937,1.48623,0,75704.2,50937,1.48623,0,5,0,0,23302.7,61703,0.377659,91,77281.3,50933,1.51731,0,77281.3,50933,1.51731,0,5,0,0,23835,62240,0.382954,80,23302.7,61703,0.377659,458,
/home/andy/Desktop/Curtin/IRPLR/IRPLR/Data/mvirp/Big_Instances/Istanze0105/abs8n200_4.dat,6,201,4,74707.9,55506,1.34594,0,74707.9,55506,1.34594,0,5,0,0,23789.1,65611,0.362577,113,72718.1,54571,1.33254,0,72718.1,54571,1.33254,0,5,0,0,23953.4,67688,0.353879,103,73118,54195,1.34916,0,73118,54195,1.34916,0,5,0,0,22844.4,65387,0.349373,83,71370.6,55213,1.29264,0,71370.6,55213,1.29264,0,5,0,0,22358.1,67651,0.330492,86,71243.5,54149,1.31569,0,71243.5,54149,1.31569,0,5,0,0,22213.2,67689,0.328166,80,22213.2,67689,0.328166,465,
/home/andy/Desktop/Curtin/IRPLR/IRPLR/Data/mvirp/Big_Instances/Istanze0105/abs9n200_4.dat,6,201,4,77071.2,54943,1.40275,0,77071.2,54943,1.40275,0,5,0,0,26517.7,67072,0.395361,69,80862.2,54477,1.48434,0,80862.2,54477,1.48434,0,5,0,0,26351.9,68345,0.385572,63,80555.6,54819,1.46948,0,80555.6,54819,1.46948,0,5,0,0,25553,68742,0.371723,67,77765,55412,1.4034,0,77765,55412,1.4034,0,5,0,0,25551.1,68770,0.371545,67,77065.4,54725,1.40823,0,77065.4,54725,1.40823,0,5,0,0,25209.8,68600,0.367489,79,25209.8,68600,0.367489,345,
/home/andy/Desktop/Curtin/IRPLR/IRPLR/Data/mvirp/Big_Instances/Istanze0105/abs10n200_4.dat,6,201,4,76873.4,56707,1.35563,0,76873.4,56707,1.35563,0,5,0,0,27751,72588,0.382309,98,75623.1,56762,1.33228,0,75623.1,56762,1.33228,0,5,0,0,25737,69062,0.372664,62,74923.3,57326,1.30697,0,74923.3,57326,1.30697,0,5,0,0,25991.7,72705,0.357495,77,72339.6,57536,1.25729,0,72339.6,57536,1.25729,0,5,0,0,24958.6,71901,0.347125,96,75891.9,56124,1.35222,0,75891.9,56124,1.35222,0,5,0,0,24612.2,71261,0.345381,68,24612.2,71261,0.345381,401,
/home/andy/Desktop/Curtin/IRPLR/IRPLR/Data/mvirp/Big_Instances/Istanze0105/abs1n50_5.dat,6,51,5,34801.9,13537,2.57087,0,34801.9,13537,2.57087,0,5,0,0,21426.7,16295,1.31493,1,33802.7,13034,2.59342,0,33802.7,13034,2.59342,0,5,0,0,21352.1,16336,1.30706,2,35292.7,13050,2.70442,0,35292.7,13050,2.70442,0,5,0,0,21352.1,16336,1.30706,2,37085.7,13703,2.70639,0,37085.7,13703,2.70639,0,5,0,0,21476.3,16520,1.30002,1,37985.4,13337,2.84812,0,37985.4,13337,2.84812,0,5,0,0,21254.3,16508,1.28752,1,21254.3,16508,1.28752,7,
/home/andy/Desktop/Curtin/IRPLR/IRPLR/Data/mvirp/Big_Instances/Istanze0105/abs2n50_5.dat,6,51,5,38557,13478,2.86074,0,38557,13478,2.86074,0,5,0,0,21625.5,16197,1.33515,2,37943.5,13606,2.78873,0,37943.5,13606,2.78873,0,5,0,0,19877.1,15604,1.27385,1,40299.5,13158,3.06274,0,40299.5,13158,3.06274,0,5,0,0,19748.2,15671,1.26018,1,37757,13105,2.88111,0,37757,13105,2.88111,0,5,0,0,20202.9,15948,1.2668,1,40244.1,13115,3.06855,0,40244.1,13115,3.06855,0,5,0,0,20317.3,16044,1.26635,1,19748.2,15671,1.26018,6,
/home/andy/Desktop/Curtin/IRPLR/IRPLR/Data/mvirp/Big_Instances/Istanze0105/abs3n50_5.dat,6,51,5,33980.2,13726,2.47561,0,33980.2,13726,2.47561,0,5,0,0,16692.5,15411,1.08316,1,33911.4,13564,2.5001,0,33911.4,13564,2.5001,0,5,0,0,16609.1,15676,1.05952,1,37344,13447,2.77712,0,37344,13447,2.77712,0,5,0,0,16639,15637,1.06408,2,32369.8,13053,2.47987,0,32369.8,13053,2.47987,0,5,0,0,17215,16187,1.06351,1,35945.1,13120,2.73972,0,35945.1,13120,2.73972,0,5,0,0,16610.5,15643,1.06185,2,16609.1,15676,1.05952,7,
/home/andy/Desktop/Curtin/IRPLR/IRPLR/Data/mvirp/Big_Instances/Istanze0105/abs4n50_5.dat,6,51,5,36809.7,13584,2.70979,0,36809.7,13584,2.70979,0,5,0,0,20504.4,16128,1.27136,2,35650.9,13552,2.63068,0,35650.9,13552,2.63068,0,5,0,0,20382.4,16127,1.26387,1,35281.4,13595,2.59517,0,35281.4,13595,2.59517,0,5,0,0,19161.2,15754,1.21627,1,36043.8,13591,2.65204,0,36043.8,13591,2.65204,0,5,0,0,19767.4,16257,1.21593,1,35808.9,13552,2.64233,0,35808.9,13552,2.64233,0,5,0,0,19767.4,16257,1.21593,2,19767.4,16257,1.21593,7,
/home/andy/Desktop/Curtin/IRPLR/IRPLR/Data/mvirp/Big_Instances/Istanze0105/abs5n50_5.dat,6,51,5,33872.7,13374,2.53273,0,33872.7,13374,2.53273,0,5,0,0,18296.4,15939,1.1479,1,34761.3,13612,2.55373,0,34761.3,13612,2.55373,0,5,0,0,18654.3,16301,1.14436,2,35641.5,13010,2.73955,0,35641.5,13010,2.73955,0,5,0,0,18625.8,16301,1.14262,1,33376.2,13045,2.55854,0,33376.2,13045,2.55854,0,5,0,0,18543.2,16217,1.14344,2,36082,13305,2.71191,0,36082,13305,2.71191,0,5,0,0,18528.1,16257,1.1397,1,18528.1,16257,1.1397,7,
/home/andy/Desktop/Curtin/IRPLR/IRPLR/Data/mvirp/Big_Instances/Istanze0105/abs6n50_5.dat,6,51,5,34887.8,15091,2.31183,0,34887.8,15091,2.31183,0,5,0,0,20824.3,17860,1.16598,1,34328.2,14790,2.32104,0,34328.2,14790,2.32104,0,5,0,0,20619.6,18240,1.13046,2,36558.5,14899,2.45375,0,36558.5,14899,2.45375,0,5,0,0,20190,18370,1.09907,2,35877,14971,2.39643,0,35877,14971,2.39643,0,5,0,0,19481.1,18022,1.08096,1,36821.7,15450,2.38328,0,36821.7,15450,2.38328,0,5,0,0,19549.8,18202,1.07405,2,19549.8,18202,1.07405,8,
/home/andy/Desktop/Curtin/IRPLR/IRPLR/Data/mvirp/Big_Instances/Istanze0105/abs7n50_5.dat,6,51,5,36886.8,13173,2.80018,0,36886.8,13173,2.80018,0,5,0,0,20904.7,15537,1.34548,2,34807.9,12789,2.7217,0,34807.9,12789,2.7217,0,5,0,0,20678.7,15442,1.33912,2,36926.6,12701,2.90737,0,36926.6,12701,2.90737,0,5,0,0,20857.1,16156,1.29098,1,37836.7,12830,2.94908,0,37836.7,12830,2.94908,0,5,0,0,19895,15615,1.2741,2,36974.4,12911,2.86379,0,36974.4,12911,2.86379,0,5,0,0,19880.1,15656,1.26981,1,19880.1,15656,1.26981,8,
/home/andy/Desktop/Curtin/IRPLR/IRPLR/Data/mvirp/Big_Instances/Istanze0105/abs8n50_5.dat,6,51,5,39796,11230,3.54373,0,39796,11230,3.54373,0,5,0,0,23466.7,13566,1.72981,1,41473.8,11456,3.62027,0,41473.8,11456,3.62027,0,5,0,0,23517,13840,1.69921,2,40417.4,11355,3.55943,0,40417.4,11355,3.55943,0,5,0,0,23210.7,13840,1.67708,2,40609.3,11378,3.5691,0,40609.3,11378,3.5691,0,5,0,0,22817.1,13594,1.67847,2,39989.7,11199,3.57083,0,39989.7,11199,3.57083,0,5,0,0,23484.1,13927,1.68623,1,23210.7,13840,1.67708,8,
/home/andy/Desktop/Curtin/IRPLR/IRPLR/Data/mvirp/Big_Instances/Istanze0105/abs9n50_5.dat,6,51,5,35273.3,14020,2.51593,0,35273.3,14020,2.51593,0,5,0,0,18823.3,16745,1.12412,1,35761.7,14257,2.50836,0,35761.7,14257,2.50836,0,5,0,0,18573.6,16416,1.13143,2,35040.3,13367,2.6214,0,35040.3,13367,2.6214,0,5,0,0,18375,16747,1.09721,1,35006.8,13962,2.50729,0,35006.8,13962,2.50729,0,5,0,0,17401.3,16061,1.08345,1,33938.7,13558,2.50323,0,33938.7,13558,2.50323,0,5,0,0,17394.7,16200,1.07374,1,17394.7,16200,1.07374,6,
/home/andy/Desktop/Curtin/IRPLR/IRPLR/Data/mvirp/Big_Instances/Istanze0105/abs10n50_5.dat,6,51,5,34480.5,13933,2.47473,0,34480.5,13933,2.47473,0,5,0,0,19966.9,17234,1.15857,2,33645,13990,2.40493,0,33645,13990,2.40493,0,5,0,0,18629.9,16445,1.13286,2,33883,13465,2.51637,0,33883,13465,2.51637,0,5,0,0,18802,16731,1.12378,2,36071.5,13834,2.60745,0,36071.5,13834,2.60745,0,5,0,0,18667.9,16658,1.12065,1,38559,13566,2.84233,0,38559,13566,2.84233,0,5,0,0,18706.9,16639,1.12428,2,18667.9,16658,1.12065,9,
/home/andy/Desktop/Curtin/IRPLR/IRPLR/Data/mvirp/Big_Instances/Istanze0105/abs1n100_5.dat,6,101,5,47210.3,28739,1.64273,0,47210.3,28739,1.64273,0,5,0,0,21205.2,33962,0.624379,14,52435.8,27885,1.88043,0,52435.8,27885,1.88043,0,5,0,0,21140.1,34209,0.617968,12,51372.8,28472,1.80433,0,51372.8,28472,1.80433,0,5,0,0,20303.4,33936,0.598284,11,49395.7,28244,1.74889,0,49395.7,28244,1.74889,0,5,0,0,20027.9,34526,0.580083,12,49943.9,28150,1.77421,0,49943.9,28150,1.77421,0,5,0,0,19955.2,35073,0.568963,10,19955.2,35073,0.568963,59,
/home/andy/Desktop/Curtin/IRPLR/IRPLR/Data/mvirp/Big_Instances/Istanze0105/abs2n100_5.dat,6,101,5,47297.5,26640,1.77543,0,47297.5,26640,1.77543,0,5,0,0,20076.8,32987,0.608626,11,51677.8,26361,1.96039,0,51677.8,26361,1.96039,0,5,0,0,20284.1,33410,0.607128,9,47207.3,26862,1.7574,0,47207.3,26862,1.7574,0,5,0,0,20130.9,33585,0.599402,10,48836.5,26174,1.86584,0,48836.5,26174,1.86584,0,5,0,0,19124.6,32282,0.592422,7,49123.6,26831,1.83085,0,49123.6,26831,1.83085,0,5,0,0,19038.4,32579,0.584376,11,19038.4,32579,0.584376,48,
/home/andy/Desktop/Curtin/IRPLR/IRPLR/Data/mvirp/Big_Instances/Istanze0105/abs3n100_5.dat,6,101,5,56811,28222,2.01301,0,56811,28222,2.01301,0,5,0,0,24623.3,36565,0.673411,9,55607.6,28209,1.97127,0,55607.6,28209,1.97127,0,5,0,0,22392.5,33900,0.660547,11,55259.2,28163,1.96212,0,55259.2,28163,1.96212,0,5,0,0,22268.3,33958,0.65576,11,56955,27415,2.07751,0,56955,27415,2.07751,0,5,0,0,22113.9,34021,0.650007,10,53546.7,27526,1.94531,0,53546.7,27526,1.94531,0,5,0,0,20845.3,32448,0.642423,8,20845.3,32448,0.642423,49,
/home/andy/Desktop/Curtin/IRPLR/IRPLR/Data/mvirp/Big_Instances/Istanze0105/abs4n100_5.dat,6,101,5,53072.3,27361,1.93971,0,53072.3,27361,1.93971,0,5,0,0,18420.3,32452,0.567617,13,52085.2,26979,1.93058,0,52085.2,26979,1.93058,0,5,0,0,18050.9,32509,0.555257,11,51292.6,27214,1.88479,0,51292.6,27214,1.88479,0,5,0,0,17954.1,32509,0.552281,15,54342.3,26616,2.04171,0,54342.3,26616,2.04171,0,5,0,0,17812.2,32456,0.548812,7,54117.4,26860,2.01479,0,54117.4,26860,2.01479,0,5,0,0,17811.6,32466,0.548622,11,17811.6,32466,0.548622,57,
/home/andy/Desktop/Curtin/IRPLR/IRPLR/Data/mvirp/Big_Instances/Istanze0105/abs5n100_5.dat,6,101,5,57657.3,28865,1.99748,0,57657.3,28865,1.99748,0,5,0,0,18692.1,33819,0.55271,9,56863.1,29086,1.955,0,56863.1,29086,1.955,0,5,0,0,17683,33227,0.532188,7,60348.5,29426,2.05086,0,60348.5,29426,2.05086,0,5,0,0,18131.4,35412,0.512012,8,56982.5,28377,2.00805,0,56982.5,28377,2.00805,0,5,0,0,17299.6,33695,0.513418,7,56553.5,29479,1.91843,0,56553.5,29479,1.91843,0,5,0,0,18036,35500,0.508055,8,18036,35500,0.508055,39,
/home/andy/Desktop/Curtin/IRPLR/IRPLR/Data/mvirp/Big_Instances/Istanze0105/abs6n100_5.dat,6,101,5,52124.6,27565,1.89097,0,52124.6,27565,1.89097,0,5,0,0,22592.4,31677,0.713211,11,56065.2,27075,2.07074,0,56065.2,27075,2.07074,0,5,0,0,23110.9,32465,0.711872,11,53612.9,27529,1.94751,0,53612.9,27529,1.94751,0,5,0,0,22614.8,32538,0.695028,11,56022.2,27538,2.03436,0,56022.2,27538,2.03436,0,5,0,0,22472,32716,0.686881,9,51257.1,27227,1.88258,0,51257.1,27227,1.88258,0,5,0,0,22190.4,32621,0.680248,10,22190.4,32621,0.680248,52,
/home/andy/Desktop/Curtin/IRPLR/IRPLR/Data/mvirp/Big_Instances/Istanze0105/abs7n100_5.dat,6,101,5,50764.5,26505,1.91528,0,50764.5,26505,1.91528,0,5,0,0,22240.7,34480,0.645031,14,54160,26976,2.00771,0,54160,26976,2.00771,0,5,0,0,20973,33861,0.619386,10,53271.8,26584,2.00391,0,53271.8,26584,2.00391,0,5,0,0,20595.2,33703,0.61108,12,53291.2,26856,1.98433,0,53291.2,26856,1.98433,0,5,0,0,20185.1,33383,0.604653,9,54747.4,26909,2.03454,0,54747.4,26909,2.03454,0,5,0,0,20193.3,33502,0.602748,11,20193.3,33502,0.602748,56,
/home/andy/Desktop/Curtin/IRPLR/IRPLR/Data/mvirp/Big_Instances/Istanze0105/abs8n100_5.dat,6,101,5,49577.9,28250,1.75497,0,49577.9,28250,1.75497,0,5,0,0,24250.1,34852,0.695801,10,49339.2,28295,1.74374,0,49339.2,28295,1.74374,0,5,0,0,22468.4,33013,0.680593,10,50995.2,27841,1.83166,0,50995.2,27841,1.83166,0,5,0,0,21530.5,34144,0.630579,12,51859.4,28037,1.84968,0,51859.4,28037,1.84968,0,5,0,0,21599.8,34203,0.631518,12,49462,26985,1.83294,0,49462,26985,1.83294,0,5,0,0,21246,34078,0.623452,10,21246,34078,0.623452,54,
/home/andy/Desktop/Curtin/IRPLR/IRPLR/Data/mvirp/Big_Instances/Istanze0105/abs9n100_5.dat,6,101,5,55064.4,28906,1.90495,0,55064.4,28906,1.90495,0,5,0,0,24749.1,35385,0.699423,12,55911.1,28341,1.9728,0,55911.1,28341,1.9728,0,5,0,0,24526.6,35600,0.688948,12,56966.4,28257,2.01601,0,56966.4,28257,2.01601,0,5,0,0,22365.7,32562,0.686865,8,55220,28417,1.9432,0,55220,28417,1.9432,0,5,0,0,22077.3,31629,0.698007,12,54078.1,27799,1.94533,0,54078.1,27799,1.94533,0,5,0,0,22195.8,32420,0.684633,8,22195.8,32420,0.684633,52,
/home/andy/Desktop/Curtin/IRPLR/IRPLR/Data/mvirp/Big_Instances/Istanze0105/abs10n100_5.dat,6,101,5,50199.2,27583,1.81993,0,50199.2,27583,1.81993,0,5,0,0,19637.9,33170,0.592037,12,51437.9,27348,1.88087,0,51437.9,27348,1.88087,0,5,0,0,18989.4,33057,0.574445,10,50519.6,27713,1.82295,0,50519.6,27713,1.82295,0,5,0,0,19053.8,33936,0.561464,10,50774.7,27454,1.84945,0,50774.7,27454,1.84945,0,5,0,0,19253.6,34117,0.564341,12,51059,27246,1.874,0,51059,27246,1.874,0,5,0,0,18262.1,32922,0.554707,12,18262.1,32922,0.554707,56,
/home/andy/Desktop/Curtin/IRPLR/IRPLR/Data/mvirp/Big_Instances/Istanze0105/abs1n200_5.dat,6,201,5,80462.4,58177,1.38306,0,80462.4,58177,1.38306,0,5,0,0,24164.3,68385,0.353357,79,77563.5,57763,1.34279,0,77563.5,57763,1.34279,0,5,0,0,24481.5,69892,0.350275,62,77291.4,58390,1.32371,0,77291.4,58390,1.32371,0,5,0,0,24400.9,71166,0.342872,74,76061.2,58809,1.29336,0,76061.2,58809,1.29336,0,5,0,0,24827.5,72841,0.340845,61,80708.1,56754,1.42207,0,80708.1,56754,1.42207,0,5,0,0,23973.3,72831,0.329164,94,23973.3,72831,0.329164,370,
/home/andy/Desktop/Curtin/IRPLR/IRPLR/Data/mvirp/Big_Instances/Istanze0105/abs2n200_5.dat,6,201,5,77910.9,58082,1.3414,0,77910.9,58082,1.3414,0,5,0,0,24602,69834,0.352293,84,76057.4,58312,1.30432,0,76057.4,58312,1.30432,0,5,0,0,24054.2,70055,0.343362,65,74811.2,59149,1.26479,0,74811.2,59149,1.26479,0,5,0,0,24270.6,71362,0.340105,68,74128.8,59388,1.24821,0,74128.8,59388,1.24821,0,5,0,0,23506.8,71579,0.328404,63,75016.9,58884,1.27398,0,75016.9,58884,1.27398,0,5,0,0,23597,72539,0.325301,93,23597,72539,0.325301,373,
/home/andy/Desktop/Curtin/IRPLR/IRPLR/Data/mvirp/Big_Instances/Istanze0105/abs3n200_5.dat,6,201,5,77173.8,54808,1.40807,0,77173.8,54808,1.40807,0,5,0,0,28122.3,65316,0.430557,105,76472.6,54320,1.40782,0,76472.6,54320,1.40782,0,5,0,0,27021.5,66995,0.403336,103,76573.4,55010,1.39199,0,76573.4,55010,1.39199,0,5,0,0,26388.2,65414,0.403403,92,77623.3,55737,1.39267,0,77623.3,55737,1.39267,0,5,0,0,26815.8,67495,0.397301,85,75667.3,55181,1.37126,0,75667.3,55181,1.37126,0,5,0,0,26293.6,67721,0.388264,72,26293.6,67721,0.388264,457,
/home/andy/Desktop/Curtin/IRPLR/IRPLR/Data/mvirp/Big_Instances/Istanze0105/abs4n200_5.dat,6,201,5,81148.5,57827,1.4033,0,81148.5,57827,1.4033,0,5,0,0,25970.7,66005,0.393466,83,79785.3,56981,1.40021,0,79785.3,56981,1.40021,0,5,0,0,25599,66854,0.382909,104,81520.8,56768,1.43604,0,81520.8,56768,1.43604,0,5,0,0,24003.6,68099,0.352482,89,81092.2,57939,1.39961,0,81092.2,57939,1.39961,0,5,0,0,23687.4,69120,0.342699,90,79213,56696,1.39715,0,79213,56696,1.39715,0,5,0,0,23849.9,70272,0.339395,75,23849.9,70272,0.339395,441,
/home/andy/Desktop/Curtin/IRPLR/IRPLR/Data/mvirp/Big_Instances/Istanze0105/abs5n200_5.dat,6,201,5,79990.4,57847,1.38279,0,79990.4,57847,1.38279,0,5,0,0,29746.5,73709,0.403567,115,79676.8,57842,1.37749,0,79676.8,57842,1.37749,0,5,0,0,28912.1,73953,0.390953,68,80501.8,58595,1.37387,0,80501.8,58595,1.37387,0,5,0,0,28574.4,74254,0.38482,79,77192.1,58097,1.32868,0,77192.1,58097,1.32868,0,5,0,0,27258.1,72811,0.374368,68,79277.5,57429,1.38044,0,79277.5,57429,1.38044,0,5,0,0,27212,72925,0.373151,76,27212,72925,0.373151,406,
/home/andy/Desktop/Curtin/IRPLR/IRPLR/Data/mvirp/Big_Instances/Istanze0105/abs6n200_5.dat,6,201,5,80538.6,58801,1.36968,0,80538.6,58801,1.36968,0,5,0,0,28368.7,72284,0.392462,99,81833.7,57660,1.41925,0,81833.7,57660,1.41925,0,5,0,0,28090.2,71723,0.391649,107,79986.3,56830,1.40747,0,79986.3,56830,1.40747,0,5,0,0,28417.7,73281,0.38779,69,80160.9,58564,1.36877,0,80160.9,58564,1.36877,0,5,0,0,27833.9,73448,0.378961,79,81077.9,57954,1.399,0,81077.9,57954,1.399,0,5,0,0,26799.8,72793,0.368164,72,26799.8,72793,0.368164,426,
/home/andy/Desktop/Curtin/IRPLR/IRPLR/Data/mvirp/Big_Instances/Istanze0105/abs7n200_5.dat,6,201,5,79635,51018,1.56092,0,79635,51018,1.56092,0,5,0,0,28589.7,60509,0.472486,90,79769,50365,1.58382,0,79769,50365,1.58382,0,5,0,0,27126.4,59877,0.453035,86,81013.8,50019,1.61966,0,81013.8,50019,1.61966,0,5,0,0,26544.8,61386,0.432424,76,77546.3,50937,1.5224,0,77546.3,50937,1.5224,0,5,0,0,25139.2,60103,0.418269,92,79502.8,50933,1.56093,0,79502.8,50933,1.56093,0,5,0,0,25115.6,60066,0.418133,83,25115.6,60066,0.418133,427,
/home/andy/Desktop/Curtin/IRPLR/IRPLR/Data/mvirp/Big_Instances/Istanze0105/abs8n200_5.dat,6,201,5,77653.7,55506,1.39901,0,77653.7,55506,1.39901,0,5,0,0,26338.4,65420,0.402604,94,74773.1,54571,1.3702,0,74773.1,54571,1.3702,0,5,0,0,26533.1,69154,0.383681,86,76256.4,54195,1.40708,0,76256.4,54195,1.40708,0,5,0,0,24051,64734,0.371536,70,72896.9,55213,1.32028,0,72896.9,55213,1.32028,0,5,0,0,24958.9,66416,0.375797,86,73572.8,54149,1.35871,0,73572.8,54149,1.35871,0,5,0,0,24401.3,65339,0.373457,77,24051,64734,0.371536,413,
/home/andy/Desktop/Curtin/IRPLR/IRPLR/Data/mvirp/Big_Instances/Istanze0105/abs9n200_5.dat,6,201,5,79935.4,54943,1.45488,0,79935.4,54943,1.45488,0,5,0,0,29632.4,69349,0.427294,106,84075.5,54477,1.54332,0,84075.5,54477,1.54332,0,5,0,0,28681.7,70200,0.408571,72,83894.3,54819,1.53039,0,83894.3,54819,1.53039,0,5,0,0,28773.3,70272,0.409456,90,80369.8,55412,1.4504,0,80369.8,55412,1.4504,0,5,0,0,28418.7,70103,0.405385,84,79933.6,54725,1.46064,0,79933.6,54725,1.46064,0,5,0,0,27494.8,68340,0.402324,61,27494.8,68340,0.402324,413,
/home/andy/Desktop/Curtin/IRPLR/IRPLR/Data/mvirp/Big_Instances/Istanze0105/abs10n200_5.dat,6,201,5,79414.6,56707,1.40044,0,79414.6,56707,1.40044,0,5,0,0,27618,68284,0.404458,92,78784.4,56762,1.38798,0,78784.4,56762,1.38798,0,5,0,0,27316.6,70039,0.39002,65,77152.4,57326,1.34585,0,77152.4,57326,1.34585,0,5,0,0,28167.2,71543,0.39371,90,76510.3,57536,1.32978,0,76510.3,57536,1.32978,0,5,0,0,27355.1,70242,0.389441,65,77359.9,56124,1.37838,0,77359.9,56124,1.37838,0,5,0,0,26854.6,70233,0.382365,64,26854.6,70233,0.382365,376,
